DATE,TMAX,TMIN,RAIN,SRAD,RHUM
01/01/2013,30.85032778,22.75032778,0.1,19.63458859,83.86596868
01/02/2013,31.03083897,21.03083897,0.8,16.59977807,74.60004224
01/03/2013,32.02518764,23.92518764,0,18.58358213,78.45460427
01/04/2013,31.31915609,23.11915609,24.6,17.43525677,81.36663338
01/05/2013,33.2,24.1,0,17.94274174,76.5
01/06/2013,29.88377176,22.98377176,0.5,15.1745369,85.47767928
01/07/2013,30.10368599,22.60368599,0,16.43424523,85.72620236
01/08/2013,31.63205591,22.13205591,0,20.67347668,83.28767547
01/09/2013,28.03493194,23.43493194,0,13.73952434,85.94449676
01/10/2013,33.56647661,22.81647661,0,19.10693718,75.968662
01/11/2013,32.80116327,22.10116327,1,18.7561152,79.52858248
01/12/2013,30.86156892,23.26156892,0,16.32361119,81.45134285
01/13/2013,31.9,23.35,0,17.65968201,70.47916667
01/14/2013,34.05,22.95,0.1,19.32558769,65.47916667
01/15/2013,34.7,23.75,0,20.91216454,64.79166667
01/16/2013,33.85,23.1,0,18.88927906,70.39583333
01/17/2013,32.85,22.9,0.5,18.44034993,75.85416667
01/18/2013,30.95,21.3,5.3,16.33272683,77.27083333
01/19/2013,32.25,22.75,0.2,15.28883139,74.4375
01/20/2013,32.35,23.15,0.3,15.30686067,74.1875
01/21/2013,31.45,23.35,0.2,17.40546913,78.85416667
01/22/2013,32,23,0,14.60912744,72.45833333
01/23/2013,30.3,22.2,9.6,14.37474678,78.0625
01/24/2013,30.8,22.3,0.3,13.14514972,78.41666667
01/25/2013,32.55,22.1,1,17.87062461,76.75
01/26/2013,32.8,21.9,0.1,18.0292823,77.60416667
01/27/2013,33.95,21.6,1.3,21.28176482,70.20833333
01/28/2013,31.2,23,21.7,12.51592777,76.5
01/29/2013,33.75,23.25,0.1,18.91452006,72.33333333
01/30/2013,32.25,23.3,0,15.80987765,72.27083333
01/31/2013,36,22.45,0,21.20423891,67.77083333
02/01/2013,31.66763338,24.16763338,0,16.6647502,80.44712249
02/02/2013,31.84555294,24.44555294,0.2,15.59513719,80.68448768
02/03/2013,30.70473969,23.90473969,0,16.939079,83.55225236
02/04/2013,31.50396938,24.70396938,0,14.84786734,77.15076269
02/05/2013,31.6,23.4,3.8,16.51482258,81.66666667
02/06/2013,31.37758002,24.57758002,0,16.59077699,78.54101639
02/07/2013,32.52419081,24.72419081,0,17.7252938,75.06184182
02/08/2013,34.65118942,24.25118942,0,20.57786979,74.88549206
02/09/2013,35.62426597,26.22426597,0,17.88957089,64.36950186
02/10/2013,35.2588135,25.0588135,0,18.97839536,68.78792133
02/11/2013,35.0164226,24.3164226,0,19.06693073,70.80737806
02/12/2013,32.94600077,24.84600077,2,18.64184427,70.01070805
02/13/2013,32.3,23.2,0,20.347848,84.70833333
02/14/2013,32.2,22.8,0,21.86230771,81.25
02/15/2013,33.4,22.7,0,21.50713085,75.4375
02/16/2013,33.3,22.9,0,14.4181673,75.1097561
02/17/2013,32.5,24.92110739,0.4,16.84499884,82.17777778
02/18/2013,37.4511435,25.0511435,0,21.94206653,62.29645362
02/19/2013,34.65,25.90518163,0,25.85266867,79.17857143
02/20/2013,34.8,25.2378357,0,21.41142541,75.30882353
02/21/2013,34.98908424,25.58908424,0,18.08455216,70.73386994
02/22/2013,36.64586575,24.24586575,0,20.85325866,62.6156789
02/23/2013,32.89552744,24.49552744,0,18.8888058,74.81429674
02/24/2013,34.82984596,25.72984596,0,20.00271426,71.36948531
02/25/2013,34.61456085,25.41456085,0,18.90285059,72.2626789
02/26/2013,35.56440274,24.76440274,0,19.14431633,65.69496436
02/27/2013,31.8,24.6261701,0.2,13.59948764,79.63157895
02/28/2013,34.15,23.93549365,0.1,21.83706672,76.04761905
03/01/2013,33.20992331,24.00992331,0,18.60216738,76.98917255
03/02/2013,30.59953189,24.29953189,0.2,18.4552732,84.65929189
03/03/2013,29.6438252,23.4438252,0,14.66493236,86.82513658
03/04/2013,28.56812857,22.96812857,6.6,12.92969438,87.55264121
03/05/2013,29,22.4,29.6,19.19397393,85.81818182
03/06/2013,30.00277987,24.20277987,0.2,15.1384955,83.80742008
03/07/2013,31.28954306,24.08954306,0,16.42510617,80.47838493
03/08/2013,32.33900507,23.93900507,0,18.02592495,75.23917925
03/09/2013,30.40641263,23.40641263,1.8,14.46527047,87.93981575
03/10/2013,33.70610709,22.90610709,0,18.60798585,75.01817346
03/11/2013,32.02298606,22.82298606,0,16.71999676,75.31954348
03/12/2013,31.50971087,23.50971087,38,16.48158906,76.54885561
03/13/2013,33.86509532,23.66509532,0,18.57993101,72.26002762
03/14/2013,34.59770701,22.79770701,0,20.81669947,72.37243365
03/15/2013,33.55,21.5592546,0,18.11401992,71.4893617
03/16/2013,31.32500927,23.12500927,0,16.82225823,79.73766809
03/17/2013,29.61194698,22.41194698,0,15.70064268,86.52519986
03/18/2013,29.48682064,22.28682064,0,16.78275503,88.60095817
03/19/2013,27.89878435,22.29878435,2,13.38483104,87.18438857
03/20/2013,34,22.73408463,0,16.52744308,73.03191489
03/21/2013,30.10415553,23.80415553,2,15.04887111,86.62800024
03/22/2013,27.94224743,22.34224743,3,14.09197224,74.64893617
03/23/2013,29.77813641,22.37813641,0,14.91472283,86.77758542
03/24/2013,31.30927195,23.30927195,5,16.10025974,77.10416667
03/25/2013,29.25,23.82895339,0,14.89759596,79.75531915
03/26/2013,30.99476058,22.79476058,0,18.04150137,81.38907499
03/27/2013,32.31492676,22.71492676,0,18.46088367,79.45744681
03/28/2013,30.15952148,23.55952148,2.2,16.45770665,83.9343643
03/29/2013,31.36863545,22.56863545,0,18.065673,81.06888635
03/30/2013,34.3,23.55591074,0,20.0413502,73.85106383
03/31/2013,30.6884736,22.6884736,4.3,19.29379221,86.11303871
04/01/2013,34.49746401,23.49746401,0,19.43384334,67.0971559
04/02/2013,33.08992737,23.88992737,0,17.5646536,73.00178274
04/03/2013,34.36384955,22.36384955,0,21.72013864,67.98962319
04/04/2013,33.51580634,23.51580634,0.8,18.8754256,75.090482
04/05/2013,31.6,23.9096344,2.4,17.85980704,84.5
04/06/2013,33.77367216,20.97367216,0,19.7531827,66.64018151
04/07/2013,35.02023354,22.32023354,0.9,19.5024399,65.05268226
04/08/2013,31.85982425,24.55982425,0,16.27772784,78.84960397
04/09/2013,35.77024736,22.97024736,0,20.47389879,65.55752124
04/10/2013,33.62624034,23.22624034,0,19.2695042,72.89536055
04/11/2013,35.78785782,23.38785782,0,19.57238837,64.70676141
04/12/2013,35.07599045,21.67599045,0,20.92340031,68.11972816
04/13/2013,32.03552706,25.03552706,0,15.26991088,75.68085106
04/14/2013,31.13657831,25.73657831,0,14.60980803,79.02361603
04/15/2013,31.86150573,22.96150573,0.4,17.9201953,81.030634
04/16/2013,34.9,23.88053566,0,23.30104444,73.87234043
04/17/2013,35.68746103,22.98746103,0,21.25161856,66.7067432
04/18/2013,35.84886942,24.74886942,0,22.75656011,70.29787234
04/19/2013,36.35591153,24.35591153,0,20.92888666,61.93480695
04/20/2013,33.28814469,24.48814469,0,18.33167853,72.87414464
04/21/2013,33.9,24.23973528,0,19.04493187,74.43617021
04/22/2013,34,24.01994681,0,16.29726924,72.0220838
04/23/2013,32.8,23.96494203,2,20.01848306,76.56382979
04/24/2013,32.8,24.08374016,0.4,14.92313744,75.36666667
04/25/2013,36.27378558,23.47378558,0,19.36736579,61.75163357
04/26/2013,34.2,23.29660974,0,17.74147485,73.78723404
04/27/2013,36.1,23.12116406,0,22.02829731,70.98571429
04/28/2013,33.95,23.62252537,0,21.14654521,69.45833333
04/29/2013,32.6,23.43743464,0.9,18.086976,77.625
04/30/2013,33.45,24.41213456,0,20.44520612,73.83333333
05/01/2013,32.1941609,24.9941609,0,15.78500516,77.46084738
05/02/2013,30.12245855,23.62245855,0,16.75692088,86.00307069
05/03/2013,32.44950581,22.84950581,1.2,18.13928828,79.225121
05/04/2013,31.96793135,24.36793135,0,16.55336889,78.85784288
05/05/2013,28.8,23.01377039,1.2,13.08204723,89.125
05/06/2013,32.86940593,22.26940593,0,18.32295642,79.86253221
05/07/2013,34.15779364,22.75779364,0.6,20.39116583,71.68263571
05/08/2013,30.78532099,24.28532099,0,17.00398239,83.10365588
05/09/2013,28.9,23.7,0,9.598789895,84.8
05/10/2013,32.3,22.6,1.8,22.64477856,84.58333333
05/11/2013,30.6,24.3,0.2,22.41039789,85.58333333
05/12/2013,33.6,24.1,0,21.86951943,81.66666667
05/13/2013,31.3,23.7,0.6,14.95709259,82.33333333
05/14/2013,33.7,23.9,0.6,16.58693971,80.16666667
05/15/2013,28.8,23.4,3.6,11.41253569,88.29166667
05/16/2013,33.8,24.7,0,19.87187495,82.04166667
05/17/2013,28.2,24.2,0,15.05084486,87.375
05/18/2013,34.3,24.4,0,22.75295426,78.625
05/19/2013,32.71988237,23.3,0.8,12.58238276,89.375
05/20/2013,32.5,22.8,0,19.30575548,80.66666667
05/21/2013,29.8,24.4,0.2,12.91617784,82.58333333
05/22/2013,32.6,23.8,0.4,17.59657952,80.29166667
05/23/2013,30.2,23.7,1.2,16.07851395,82.16666667
05/24/2013,29.2,23.7,4.8,16.37419418,89.90909091
05/25/2013,32.7,23.3,0.2,22.28419292,83.04166667
05/26/2013,29.4,23.3,1.6,12.90536027,87.375
05/27/2013,33,24,0,18.92714056,80.91666667
05/28/2013,28.7,23.8,0,12.2238534,87.79166667
05/29/2013,30.8,22.9,0,16.41025275,86.79166667
05/30/2013,31.3,23.3,0,20.14592004,80.70833333
05/31/2013,32.9,24.3,0.2,17.11339476,83.20833333
06/01/2013,32.66554195,23.46554195,0,18.36661672,76.25591846
06/02/2013,35.64495022,23.24495022,1.4,21.15070201,66.53061899
06/03/2013,35.47426978,22.77426978,0,19.97064722,65.41730147
06/04/2013,33.48842355,22.78842355,0,19.11128421,75.20878107
06/05/2013,30.7,24,0.1,16.51842844,84.41666667
06/06/2013,31.62832943,23.42832943,0,16.67927452,79.25511582
06/07/2013,31.37068966,23.17068966,0,16.80185182,79.36109117
06/08/2013,33.67413925,22.67413925,0,19.8229854,76.01240776
06/09/2013,33.73483623,22.43483623,0,18.47458612,69.4635917
06/10/2013,35.40612629,22.70612629,0,20.46221666,65.81326521
06/11/2013,34.4710472,21.7710472,0,21.74602421,69.67698267
06/12/2013,34.08198213,23.58198213,0,19.0360155,72.77966326
06/13/2013,33.776663,22.776663,0,18.90523199,74.01170265
06/14/2013,31.75222716,22.95222716,3.8,17.89643664,81.56083835
06/15/2013,31.24555689,23.94555689,0,16.55726336,80.72112745
06/16/2013,31.69325982,23.39325982,1.4,16.21403076,79.43176807
06/17/2013,31.91013228,23.21013228,0.1,19.57754307,82.78268914
06/18/2013,32.9311037,22.9311037,0,18.4900285,74.99192274
06/19/2013,33.77902006,22.97902006,0,19.05418827,75.50678603
06/20/2013,34.84411314,22.44411314,0,21.10821882,74.17149056
06/21/2013,33.94014998,22.64014998,0,19.32962267,67.50460147
06/22/2013,33.85054923,22.85054923,0,18.62263505,69.55502552
06/23/2013,34.61272643,23.61272643,0,18.78602259,66.70637623
06/24/2013,32.88503814,23.08503814,0,18.50228562,76.42691473
06/25/2013,31.13854713,23.83854713,0,16.77619761,82.08663934
06/26/2013,30.46097596,23.16097596,4,15.34683811,86.98416573
06/27/2013,31.19750002,23.89750002,0,16.41784805,81.52298806
06/28/2013,30.87699197,22.77699197,0.2,19.67762746,84.60551891
06/29/2013,29.58916055,24.08916055,0,13.85125501,83.01558953
06/30/2013,28.26477458,22.76477458,7,13.00272279,86.68154131
07/01/2013,32.12418518,23.42418518,0,18.54061589,78.93283721
07/02/2013,33.40813336,23.80813336,0,17.39998965,74.35445336
07/03/2013,33.70166832,23.40166832,0,18.54674569,72.02801292
07/04/2013,35.31311585,21.81311585,0,20.17074457,66.69919416
07/05/2013,34.67450662,21.7,44,13.59324543,93.83333333
07/06/2013,32.47470551,23.67470551,0,17.93134259,79.12534004
07/07/2013,31.60628594,23.20628594,1.6,17.00046123,81.3224883
07/08/2013,32.67688467,22.27688467,0,19.07131875,79.40398912
07/09/2013,32.67372835,22.57372835,0,17.99361453,78.8288809
07/10/2013,30.14115645,23.74115645,0.2,15.91079483,84.73244881
07/11/2013,33.64056539,21.44056539,0,19.27863492,68.38946887
07/12/2013,34.60752237,23.10752237,0,19.86310639,65.72139934
07/13/2013,32.96278662,22.86278662,0,18.17399797,76.19932161
07/14/2013,32.89996756,23.29996756,0,18.68251006,77.88950634
07/15/2013,34.2951744,22.7951744,0,20.04411238,71.27096099
07/16/2013,32.37265147,22.77265147,0.4,17.84834656,77.10313958
07/17/2013,31.42690719,22.62690719,2.4,18.38539476,81.76637644
07/18/2013,29.3233293,21.9233293,0.4,16.51787387,87.65090412
07/19/2013,31.00384892,23.10384892,0,17.99386893,82.26868691
07/20/2013,33.0194959,23.7194959,0.4,17.55062777,72.34981498
07/21/2013,29.0835597,22.6835597,0,16.67274456,87.49694747
07/22/2013,28.88011633,22.48011633,0.9,15.82253883,87.73895554
07/23/2013,33.33120048,21.83120048,0,20.71922774,76.93727769
07/24/2013,29.66093389,21.76093389,38.4,17.61082307,88.4585578
07/25/2013,32.41291146,22.81291146,0,18.53614102,80.47979035
07/26/2013,31.99820382,23.49820382,0,19.75382972,75.57872914
07/27/2013,32.32751334,22.02751334,0.4,18.24970099,78.72749467
07/28/2013,32.65624599,23.95624599,0,19.22294039,76.84115942
07/29/2013,35.67834347,23.67834347,0,18.90596909,60.04612823
07/30/2013,34.87474817,23.37474817,0,20.84494511,67.34048684
07/31/2013,34.99503266,22.59503266,0.4,20.68130453,67.04686349
08/01/2013,34.69467805,22.49467805,0,20.63503962,66.73875601
08/02/2013,33.4754343,23.1754343,0,18.58653919,74.24414857
08/03/2013,34.68620365,22.58620365,0,20.68825328,71.27766162
08/04/2013,33.96826961,22.06826961,0,19.95804401,67.12814891
08/05/2013,31.9,22.8,0.2,19.6519177,85.66666667
08/06/2013,34.96154942,22.76154942,0,20.97652453,68.52462215
08/07/2013,34.61036797,21.61036797,0.4,21.0896923,66.83061335
08/08/2013,35.34692945,21.44692945,0,17.99330483,60.94753541
08/09/2013,36.84481633,22.94481633,0,20.7157874,62.28762488
08/10/2013,37.07469234,22.97469234,0,19.33465648,61.19337385
08/11/2013,37.16443274,23.26443274,0,21.32521598,63.02877507
08/12/2013,36.0900567,22.1900567,0,19.01794649,60.65377968
08/13/2013,35.22883176,22.42883176,0,21.35893747,66.90234077
08/14/2013,35.01212479,23.11212479,0,19.97278219,66.03483877
08/15/2013,34.85388862,23.35388862,0,20.65030059,71.78366487
08/16/2013,34.3872301,22.2872301,0.2,21.65207587,68.4030581
08/17/2013,33.55646625,22.85646625,0,19.09606068,75.70794311
08/18/2013,35.18679321,22.18679321,0,20.28942562,66.15747397
08/19/2013,35.18535993,22.38535993,0,20.44379538,65.79416696
08/20/2013,35.731205,22.931205,0,20.71483384,66.16726369
08/21/2013,37.41458828,23.31458828,0,21.59696153,57.97398666
08/22/2013,34.27001992,23.97001992,0,19.62273818,73.79969924
08/23/2013,35.12787274,23.62787274,0,20.41888155,66.01100357
08/24/2013,33.43495317,22.73495317,0,19.61359045,75.2754161
08/25/2013,34.97498047,22.87498047,0,21.21813107,69.42550235
08/26/2013,32.97826996,23.87826996,0,19.40090609,73.75640521
08/27/2013,35.60652238,22.50652238,0,20.41074667,68.75828446
08/28/2013,33.45254708,23.15254708,0,19.31358889,71.71400423
08/29/2013,34.09127455,22.79127455,0,18.78165864,72.28809291
08/30/2013,34.60475451,22.50475451,0,21.60704055,68.05825802
08/31/2013,34.00193643,23.70193643,0,17.92452778,73.66628844
09/01/2013,36.87698538,22.77698538,0,20.47684141,63.54938131
09/02/2013,34.7128905,24.2128905,0,20.80215727,72.40911459
09/03/2013,35.93318469,23.63318469,0,18.38665898,61.54488316
09/04/2013,35.1,24.22007573,0,15.52321206,69.59646587
09/05/2013,36.12213241,23.02213241,0,20.68325826,65.58573875
09/06/2013,32.18336456,22.58336456,0,20.72717281,83.38089476
09/07/2013,35.35289244,24.05289244,0,20.63533743,70.34155332
09/08/2013,34.67430355,24.27430355,0,20.18271232,74.43115255
09/09/2013,36.58521806,23.28521806,0,20.95016623,66.26313593
09/10/2013,38.29196723,22.89196723,0,22.16392987,53.20046503
09/11/2013,37.39905914,24.09905914,0,21.5086831,58.94245984
09/12/2013,33.19993643,24.79993643,0.2,19.37669098,73.26975285
09/13/2013,32.25277281,24.25277281,0,19.01534572,78.04825835
09/14/2013,34.79219165,24.69219165,0,20.39283572,66.67518824
09/15/2013,35.43952718,23.83952718,0,20.52080651,67.17740254
09/16/2013,37.78055155,23.68055155,0,21.61367041,55.34712452
09/17/2013,35.0252294,24.5252294,0,19.93552128,74.43812536
09/18/2013,33.76647093,24.66647093,0,18.25653783,74.79863172
09/19/2013,35.42535609,24.42535609,0.6,20.08090055,70.13044518
09/20/2013,34.35243843,24.75243843,0,18.98170493,71.18162109
09/21/2013,34.3884638,24.8884638,0,18.9433557,71.32625799
09/22/2013,39.31130414,23.61130414,0,23.22403348,53.79952602
09/23/2013,35.27319887,23.57319887,0,20.16818399,65.71516286
09/24/2013,38.28203932,23.68203932,0,21.52365694,53.61653071
09/25/2013,33.69633262,25.69633262,0,18.07539122,72.79039384
09/26/2013,34.40141531,23.40141531,6,20.75270464,70.76404879
09/27/2013,34.06548931,24.56548931,0.2,17.89883379,73.00288802
09/28/2013,33.40599631,25.70599631,0,16.90698981,73.47802896
09/29/2013,33.89352881,24.79352881,0,17.18111458,70.9683391
09/30/2013,35.18953768,22.88953768,0,21.20303606,69.66969712
10/01/2013,33.01096564,25.26096564,0,18.57807061,75.2945135
10/02/2013,32.78978418,25.38978418,0,15.93588767,74.78635333
10/03/2013,31.24546713,23.04546713,16.2,16.56678837,79.80636794
10/04/2013,33.8,24.9,0,14.72631778,69.29166667
10/05/2013,35.52612334,23.72612334,0,18.35129708,62.88869836
10/06/2013,31.21036946,23.31036946,0,16.72120204,79.19081064
10/07/2013,31.30631111,24.10631111,0.2,15.70547743,80.41529492
10/08/2013,32.40876794,25.20876794,0,15.56863702,74.01949285
10/09/2013,33.38921248,25.28921248,0,17.9121189,72.46288858
10/10/2013,31.28398253,23.28398253,0,16.77885013,79.30984566
10/11/2013,30.29303375,23.24303375,5.2,14.23085802,88.05529461
10/12/2013,32.67467926,22.27467926,0,19.12687522,79.63421909
10/13/2013,33.76675646,22.26675646,5.8,18.58103604,69.75653152
10/14/2013,33.98478492,23.08478492,0.2,18.70575611,66.43655752
10/15/2013,33.40492057,23.50492057,0,18.20089387,75.65382639
10/16/2013,32.76915281,24.66915281,0,19.02488141,76.3999472
10/17/2013,32.26743243,24.16743243,0,19.56778252,78.58825879
10/18/2013,32.17973968,23.97973968,3.4,18.69437287,82.21668046
10/19/2013,31.61333944,23.86333944,0.8,17.31576638,80.33428081
10/20/2013,36.09486233,24.09486233,0,20.92269521,69.70288193
10/21/2013,34.31533642,22.96533642,6.4,19.98548359,68.69683854
10/22/2013,32.33291672,23.13291672,11.2,17.03745884,75.84414988
10/23/2013,31.14488424,24.09488424,0.2,16.35420946,82.11145833
10/24/2013,31.44415215,23.74415215,0,16.70694485,78.85015236
10/25/2013,32.85809421,24.85809421,0,17.80333704,72.15275981
10/26/2013,33.39536973,24.89536973,0,17.18361118,72.5183507
10/27/2013,34.57914572,22.57914572,0,20.89017111,69.83354719
10/28/2013,31.96512162,23.86512162,0,17.8221796,78.05342671
10/29/2013,32.2861943,21.5861943,0.2,18.43113845,79.50517186
10/30/2013,31.50914015,23.40914015,8.6,16.93223099,78.95024633
10/31/2013,32.00961512,23.50961512,0,19.83630272,75.87893813
11/01/2013,30.48022385,23.28022385,0.2,15.13698846,87.83850011
11/02/2013,30.59038457,23.19038457,68.6,15.97332444,87.68091162
11/03/2013,31.02201992,22.02201992,24.4,20.2482791,83.12206608
11/04/2013,36.7,23.2,0,22.22649922,66.41666667
11/05/2013,31.97940776,23.67940776,0,17.44031195,79.95528475
11/06/2013,31.12287472,24.42287472,0,17.02067588,81.4741975
11/07/2013,32.22147801,24.62147801,0,17.64058356,77.91517356
11/08/2013,31.0033867,24.0033867,0,15.99494478,81.12633302
11/09/2013,32.51559111,23.41559111,0,18.40355809,76.89846001
11/10/2013,30.49061914,24.29061914,0.8,17.59323552,84.67826745
11/11/2013,35.23097199,23.33097199,0,21.21609553,71.10823937
11/12/2013,33.95143405,22.10143405,6.2,19.77441425,67.20736735
11/13/2013,34.46465171,24.01465171,0.4,19.65250602,72.147406
11/14/2013,34.78443357,24.18443357,0,20.96045621,72.45026695
11/15/2013,36.04150478,24.24150478,0,20.59391749,68.24524941
11/16/2013,34.35272086,24.15272086,0,20.2242857,73.45557578
11/17/2013,34.81996508,24.11996508,0,20.62675047,74.53247338
11/18/2013,32.39375663,22.99375663,9.2,17.7079007,77.18719781
11/19/2013,33.30381612,23.20381612,0,18.91460544,76.68938174
11/20/2013,32.11768117,23.01768117,19.4,17.24954694,78.30559105
11/21/2013,33.82866737,21.97866737,0,19.5068043,67.56625619
11/22/2013,32.20482714,23.20482714,0,19.90970846,83.3398609
11/23/2013,34.32207551,23.92207551,9.4,20.04038422,75.35748586
11/24/2013,35.75771912,23.85771912,0,21.6332427,66.91022964
11/25/2013,32.7500998,24.2500998,10.2,18.7801489,79.95289175
11/26/2013,33.67304676,22.97304676,22.2,18.7498987,75.03779503
11/27/2013,31.57649221,23.77649221,0,17.31304684,81.65923878
11/28/2013,29.69147105,23.09147105,11.8,16.07946888,87.66669799
11/29/2013,31.00092704,23.55092704,0,16.19294641,79.51441653
11/30/2013,29.69400562,22.99400562,0,14.77978129,86.76042791
12/01/2013,31.2002441,23.5002441,0,16.34922735,77.91186933
12/02/2013,30.53460299,21.93460299,0,18.95498932,86.1005455
12/03/2013,29.9489833,22.4489833,0.2,16.00282094,87.09976682
12/04/2013,36.4,26.1,0,20.95723774,67.91666667
12/05/2013,33.98324906,22.58324906,0,19.06627384,68.00872829
12/06/2013,35.82114902,23.02114902,0.2,20.98146741,66.19851234
12/07/2013,37.12726467,21.72726467,0,22.0892248,59.37862577
12/08/2013,31.29280367,22.89280367,0,15.72054603,79.3345997
12/09/2013,36.60525989,22.40525989,0.2,20.11697488,59.77998305
12/10/2013,30.64962108,24.14962108,10.4,17.77604645,84.83073646
12/11/2013,37.02294479,24.02294479,0,20.70358316,64.08352059
12/12/2013,34.22087933,23.52087933,0,19.95947248,73.46684083
12/13/2013,34.72922701,24.22922701,0,21.02167779,72.37065691
12/14/2013,36.64058419,22.34058419,10.4,20.77012694,59.38714069
12/15/2013,32.81147877,21.51147877,0,17.95278048,76.12776587
12/16/2013,31.62040262,22.02040262,24.2,19.64853118,82.76301128
12/17/2013,34.09168917,19.59168917,0,19.76134148,64.91233513
12/18/2013,33.76983763,24.16983763,0,16.60753533,71.10374482
12/19/2013,37.19934072,22.89934072,0,21.56086441,61.33968128
12/20/2013,35.26305564,20.76305564,0,19.5363452,63.12826176
12/21/2013,36.84170387,22.04170387,0,22.58449224,58.0640558
12/22/2013,35.10209561,22.70209561,0,21.33004062,67.06486497
12/23/2013,38.18831185,23.48831185,0,21.78150619,54.57702951
12/24/2013,34.40633599,22.00633599,0,21.04037831,66.64557987
12/25/2013,30.9365795,22.6365795,0,18.41933821,82.20672517
12/26/2013,33.92687195,22.62687195,5,19.35800528,67.50460147
12/27/2013,30.83068649,22.03068649,0,19.28753407,84.97944292
12/28/2013,28.02860801,21.92860801,37.8,13.61502728,87.16052266
12/29/2013,31.36429928,23.66429928,0,17.23384378,80.01230785
12/30/2013,35.79170639,21.29170639,0,19.59037206,63.26279433
12/31/2013,35.0099392,24.6099392,0,18.69556404,71.00417986
01/01/2014,30.93044541,23.33044541,0,16.26198763,79.01087859
01/02/2014,32.47132032,22.07132032,1,18.0032066,77.95244916
01/03/2014,30.98441129,22.88441129,0,18.09696155,81.06030654
01/04/2014,37.56300215,25.21300215,0,22.05767232,59.44981678
01/05/2014,34.68797179,23.98797179,0,21.21517003,71.17664199
01/06/2014,34.06208468,23.56208468,0,19.08137096,72.12436684
01/07/2014,34.81433494,25.61433494,0,19.72698271,70.6800679
01/08/2014,32.33483261,22.33483261,0,17.02879841,76.8379176
01/09/2014,36.02186869,25.27186869,0,20.15465682,65.81120446
01/10/2014,34.3955519,24.5955519,0,18.88169721,74.34643228
01/11/2014,33.82482375,24.32482375,0,16.70805145,69.599263
01/12/2014,33.50313814,23.00313814,27.6,19.77194551,75.8885324
01/13/2014,36.90123601,26.20123601,0,21.19676102,64.25571338
01/14/2014,35.68797777,25.18797777,0,18.80791363,64.25151449
01/15/2014,35.73879868,25.23879868,0,19.40350618,64.59649596
01/16/2014,35.52998422,20.52998422,0,19.92333389,63.52088293
01/17/2014,31.566896,23.066896,0,19.01808253,82.2793563
01/18/2014,30.45823711,21.15823711,0.5,19.10487272,82.27110581
01/19/2014,28.05002451,23.45002451,0,13.84971293,85.40050254
01/20/2014,30.2944969,22.0944969,7.4,17.72839833,86.78641662
01/21/2014,30.8614616,23.0614616,0,19.59595251,84.49559235
01/22/2014,30.89932506,23.09932506,0.1,19.7385009,84.55968156
01/23/2014,32.28651535,21.78651535,0,19.18532757,81.84006569
01/24/2014,32.17282407,21.97282407,0,19.67402466,82.75321228
01/25/2014,30.30688653,22.00688653,0.2,17.95604085,86.64065354
01/26/2014,31.64968707,23.84968707,0,17.1713267,79.70680311
01/27/2014,29.47437688,24.87437688,0,13.58340993,82.38467218
01/28/2014,31.66820162,23.86820162,27,16.81404551,79.02038435
01/29/2014,32.22818991,23.42818991,0,18.5466673,77.03697694
01/30/2014,31.97361965,23.67361965,0,16.81820279,79.92058055
01/31/2014,32.82292238,22.87292238,0,17.80795251,75.6029367
02/01/2014,33.49561536,23.89561536,0,18.49049624,73.83919248
02/02/2014,36.9219503,24.7219503,0,20.19126201,60.35789387
02/03/2014,32.72897724,24.42897724,0,19.06877567,75.76092756
02/04/2014,33.69350118,23.79350118,2,19.24683396,73.086054
02/05/2014,33.79602506,25.09602506,0,17.26373363,70.79172991
02/06/2014,35.8114039,26.7114039,0,19.12442988,62.09297953
02/07/2014,33.80237838,25.10237838,0,17.50635454,70.7443682
02/08/2014,34.65045637,24.25045637,0,20.68788366,74.88549206
02/09/2014,33.09639989,24.79639989,0,18.93709121,72.25454176
02/10/2014,34.83815491,25.23815491,0,18.7813159,72.64686981
02/11/2014,33.23912022,24.93912022,3.2,19.67993634,74.75053324
02/12/2014,36.2,23.1,0,24.90565056,67.95833333
02/13/2014,32.7,23.1,0,24.2565964,72.875
02/14/2014,33.8,24.49166734,0,24.090727,72.58553701
02/15/2014,36.4,24.2,0,24.94531499,69.375
02/16/2014,34.4,25.6,0,21.9957244,69.41666667
02/17/2014,34.8,24,0,24.82992758,70.20833333
02/18/2014,35.3,26.1,0,21.29979411,67.58333333
02/19/2014,32.1,23.6,0,24.31429011,77.83333333
02/20/2014,33.2,25.1,0,19.55095372,74
02/21/2014,32,24.3,0,14.99315116,78.79166667
02/22/2014,33.3,22.9,0,23.03781692,79.45833333
02/23/2014,33.9,23.9,0,24.56670006,74.79166667
02/24/2014,34.9,25.3,0,15.83331571,72.45833333
02/25/2014,29.4,23.8,11,14.42976682,89.16666667
02/26/2014,32.5,23.8,0.2,18.3357801,84.04166667
02/27/2014,30.7,24.6,0.6,10.37765489,88.04166667
02/28/2014,31.8,23.1,0.2,19.36344919,84.91666667
03/01/2014,28.9,23.1,0.6,18.19515169,85.5
03/02/2014,31.2,23.1,0.2,19.57258886,82.83333333
03/03/2014,31.4,23.8,2.2,16.15784279,80.45833333
03/04/2014,31.3,21.9,3.4,21.70725589,82.66666667
03/05/2014,32.8,23.2,0.2,16.87901409,81.66666667
03/06/2014,32.3,24.3,0,21.87673114,80.25
03/07/2014,31.9,24.5,0,17.36580471,78.83333333
03/08/2014,32.7,22.4,0,19.54013615,78.45833333
03/09/2014,31.4,22.4,6.6,18.77569458,80.2173913
03/10/2014,30,23.3,4.8,14.79843491,87.83333333
03/11/2014,32.7,24,0,19.27330278,83.25
03/12/2014,32.2,25.4,0,21.43681665,78.25
03/13/2014,31.7,23.1,0.4,21.87312528,80.5
03/14/2014,32.1,21.3,5.4,19.70600555,82.41666667
03/15/2014,30.1,23.8,1.8,11.64331051,89.08333333
03/16/2014,32.6,24,0.2,16.90425508,85.29166667
03/17/2014,34.4,24.2,0,22.51496773,77.875
03/18/2014,31.5,24.2,0,20.347848,79.79166667
03/19/2014,32.2,24.2,2.2,15.23113768,86.125
03/20/2014,35.3,23.3,0,21.73610274,75.91666667
03/21/2014,35.8,22.6,0,21.55220406,70
03/22/2014,32.8,22.9,0,17.03046006,75.625
03/23/2014,33.6,22.7,0.2,16.96194878,81.125
03/24/2014,34.2,24.3,0,19.27330278,74.79166667
03/25/2014,33.2,24.4,0,16.16866036,80.79166667
03/26/2014,30.4,24.7,1.4,14.27558572,86.625
03/27/2014,32.8,23.5,0,19.74206411,75.875
03/28/2014,32.1,22.9,0,11.9173556,78.54166667
03/29/2014,36.9,22.8,0,20.53174668,72.625
03/30/2014,33.6,24.7,0,21.17719499,73.66666667
03/31/2014,33.9,25.9,0,22.91882366,65.91666667
04/01/2014,34.5,24.2,0,18.16269899,67
04/02/2014,32.9,23.7,0,15.83692157,69.54166667
04/03/2014,30.8,23.8,0.2,12.87651342,77.45833333
04/04/2014,36.4,21.6,0,24.66405818,69.04166667
04/05/2014,36.9,24.1,0,24.46213022,63.25
04/06/2014,35.8,24.4,0,19.74566997,62.16666667
04/07/2014,34,24.8,0.2,14.53160153,70.54166667
04/08/2014,34.4,24.3,0,19.5112893,70.58333333
04/09/2014,34.6,24.2,0,16.34174147,70.04166667
04/10/2014,35.6,24.7,0,17.67590836,62.16666667
04/11/2014,36,23.6,0,21.4656635,62.33333333
04/12/2014,35.6,22.9,0,18.98844011,62
04/13/2014,37.4,23.3,0,23.76619992,58.08333333
04/14/2014,36.7,25.7,0,23.07387548,58.33333333
04/15/2014,33.3,24.4,0,13.79961267,68.95833333
04/16/2014,34.3,23.2,1,17.4162867,76.16666667
04/17/2014,31.4,24.1,0,18.17712241,79.83333333
04/18/2014,37,23.4,0.2,22.23731678,69.66666667
04/19/2014,36.5,24.1,0.4,23.8671639,68.16666667
04/20/2014,35.3,24.3,0.2,17.04127763,72.625
04/21/2014,35,24.2,0,14.93906331,66.70833333
04/22/2014,31.3,25.9,0,13.17940536,75.79166667
04/23/2014,37.5,24.7,0,20.88512061,69.125
04/24/2014,32.40232205,23.1,14.4,9.241810105,88.95833333
04/25/2014,35.7,22.3,0,20.68319265,76.75
04/26/2014,33,24.4,0,16.38861761,79.33333333
04/27/2014,34.3,24.1,0,24.26741397,77.45833333
04/28/2014,36.8,23.3,8.2,22.55823801,74.45833333
04/29/2014,32.3,23.5,6.2,21.01132559,82.5
04/30/2014,35.8,24.7,1,24.51982392,74.79166667
05/01/2014,34.7,23.7,4.8,22.08947667,79.29166667
05/02/2014,32.9,24.7,0,19.18676222,77.45833333
05/03/2014,33.3,23.8,0.2,17.10257719,77.66666667
05/04/2014,35.2,24.1,0,21.60268605,73.83333333
05/05/2014,36.7,25.8,0,22.73853083,70.58333333
05/06/2014,33,25.2,0,20.43799441,76.875
05/07/2014,34.83358848,22.8,17.6,16.28404777,88.20833333
05/08/2014,32.4,23.6,0,19.14349194,82.29166667
05/09/2014,30.7,22.1,39,15.73956344,87.91666667
05/10/2014,30.7,24.2,0,16.02082025,85.16666667
05/11/2014,30.5,23.3,5.2,13.64095499,88.33333333
05/12/2014,33.3,24.1,0.6,22.37433933,82.08333333
05/13/2014,36,24.1,0,22.10029424,78.58333333
05/14/2014,33.4,24.2,0.2,16.56169872,80.66666667
05/15/2014,32.7,23.6,0,18.20236341,80.58333333
05/16/2014,33.3,23.5,11.8,23.53542511,79.875
05/17/2014,28.6,23.6,21.8,10.90410993,91.125
05/18/2014,28.3,24.1,2.6,9.706965589,91.79166667
05/19/2014,28.4,22.8,1.2,11.01589148,91.875
05/20/2014,34.4,23.4,0,23.41282599,76.625
05/21/2014,33.3,22.3,16.6,23.70490036,78.70833333
05/22/2014,30.9,21.5,21.6,18.35380938,85.16666667
05/23/2014,34.2,23.2,0,23.76259407,78.875
05/24/2014,34.4,23.2,0,23.67965937,77.95833333
05/25/2014,34.8,22.1,0,22.43924475,75.125
05/26/2014,33.8,23.2,1.2,21.46926936,76.54166667
05/27/2014,30.8,23.2,1.2,11.19618431,87.375
05/28/2014,32.3,23.3,0,15.60614676,81.20833333
05/29/2014,33.1,23.5,0,18.38986794,79.34782609
05/30/2014,32.7,22.2,7.4,20.51732325,81.41666667
05/31/2014,35.2,24.4,0.2,23.36955571,77.52173913
06/01/2014,34,24.7,0,18.54491977,77.75
06/02/2014,32.1,23.8,3.4,18.38265623,83.33333333
06/03/2014,34.4,24.4,1.4,20.20361374,80.41666667
06/04/2014,32.1,23.9,3.4,19.79615196,84.33333333
06/05/2014,35.4,22.9,1.2,19.76730511,77.91666667
06/06/2014,30.8,23.7,2.2,12.85487828,85.875
06/07/2014,33.4,24.6,1.2,18.32496253,83.31818182
06/08/2014,34.3,23.5,0.2,19.69518798,79.20833333
06/09/2014,35.1,24,0,19.74206411,79.625
06/10/2014,32.6,23.8,4.2,17.43071012,85.91666667
06/11/2014,34.2,21.8,0.2,21.89836628,77.625
06/12/2014,35.4,22.6,0,22.56544972,70.54166667
06/13/2014,32.6,23.8,3.8,15.19147326,84
06/14/2014,34.3,23.6,1,17.09175962,82.66666667
06/15/2014,34.4,23.6,0,17.10618304,76.91666667
06/16/2014,32.9,22.6,0,20.25048988,70.16666667
06/17/2014,30.9,23.6,0,13.52917344,73.33333333
06/18/2014,32.3,23.4,0,15.40061294,68.33333333
06/19/2014,32.4,22.4,0,16.89704337,63.70833333
06/20/2014,31.7,21.1,0,17.57686751,62.13043478
06/21/2014,34.1,20.9,0,20.16755518,62.56521739
06/22/2014,34.5,23.4,0,21.40075809,66.58333333
06/23/2014,35.2,21.9,0,17.0520952,67.41666667
06/24/2014,34.1,24.1,1,16.02442611,74.16666667
06/25/2014,28.2,22.7,0,9.652877742,87.70833333
06/26/2014,35.6,22.7,0,21.12310714,73.33333333
06/27/2014,35.3,22.9,0,19.41753703,66.08333333
06/28/2014,34.2,22.8,0.2,19.19036808,69.95833333
06/29/2014,36.1,23.4,0.2,20.08822633,69.91666667
06/30/2014,33.4,22.4,0,17.92831832,69.41666667
07/01/2014,37.2,23.6,0,19.68437041,64.60869565
07/02/2014,34.5,24.1,0,20.17116103,69.70833333
07/03/2014,37.1,23.1,0,23.12075162,63.16666667
07/04/2014,35.3,22.9,0,18.01846473,64.91666667
07/05/2014,36.2,22.4,0,23.37316157,61.83333333
07/06/2014,34.7,24.4,0,16.74920325,64.125
07/07/2014,34.8,24.4,3.6,19.09300995,64.54166667
07/08/2014,32.6,22.7,0,11.79475648,75.16666667
07/09/2014,34.6,22.5,0,18.68554817,64.91666667
07/10/2014,33.8,22.3,0,14.94627502,68.20833333
07/11/2014,31.4,23.5,0,14.29000915,69.20833333
07/12/2014,33.9,21.2,0,15.047239,64.04166667
07/13/2014,34.1,23.4,0,16.98718978,64.83333333
07/14/2014,34.6,23.6,0,16.51121673,65.25
07/15/2014,33.1,23.8,0,14.77319391,69.04166667
07/16/2014,34.6,23.6,0,16.73838568,63.5
07/17/2014,33.9,24.3,0,18.13024628,61.79166667
07/18/2014,35.1,24.1,0,17.27205244,61.45833333
07/19/2014,33.8,23.7,0,19.26969692,60.70833333
07/20/2014,35.7,23.6,0,20.04495606,61.79166667
07/21/2014,35.9,23.7,0,18.69275989,56.875
07/22/2014,34.4,24.1,0,22.75295426,59.375
07/23/2014,34.3,22.4,0,15.6025409,65.41666667
07/24/2014,36.3,22.8,0,20.78055078,57.875
07/25/2014,36.1,22,0,16.41746446,59.375
07/26/2014,35.4,22.7,0,20.46684126,57.91666667
07/27/2014,34.4,23,0,13.88975908,59.29166667
07/28/2014,35.7,22.2,0,19.34902576,55.375
07/29/2014,35,22.8,0.2,17.36941056,63.08333333
07/30/2014,31.6,22.58680438,0.2,20.80718564,82.56795365
07/31/2014,32.30371859,22.50371859,0,18.80143683,80.72945074
08/01/2014,34.25399041,23.25399041,0,19.84219125,72.58686094
08/02/2014,32,22.9,0,12.6709796,60.08333333
08/03/2014,33,20.4,0,15.88019185,63.75
08/04/2014,36.9,21.5,0,23.60393638,57.45833333
08/05/2014,31.5,23.7,0.6,10.46419544,68.83333333
08/06/2014,32.6,23.2,0.2,20.01250335,66.625
08/07/2014,34.1,23.4,0,17.80211334,62.375
08/08/2014,34.8,23.2,0,17.88504804,62.04166667
08/09/2014,35.6,23.4,0,18.32856838,61.79166667
08/10/2014,34.6,23.7,0,18.18793998,58.20833333
08/11/2014,36.5,24.9,0,21.64235047,59.5
08/12/2014,34.7,23.9,0,20.09183219,67.625
08/13/2014,35.7,22.6,9,17.67590836,70.33333333
08/14/2014,34.8,21.8,0.2,19.2300325,72.95833333
08/15/2014,34.9,21.7,0,24.54506492,63
08/16/2014,34.1,23.8,0,13.89336494,64
08/17/2014,32.5,23.9,0,17.69033179,59.33333333
08/18/2014,32.7,23.6,0,14.06284019,60.83333333
08/19/2014,32.8,23.4,0,14.38376142,58.70833333
08/20/2014,33.9,22.4,0,22.26976949,54.41666667
08/21/2014,34.5,21.6,0,18.5593432,53.25
08/22/2014,36.7,22.8,0,22.11111181,52.125
08/23/2014,34.3,23.4,0,13.12531751,56.20833333
08/24/2014,35.7,25.8,0,20.94642017,58.83333333
08/25/2014,32.3,24.4,0.2,17.08815376,69.82608696
08/26/2014,34.7,23.3,0.2,18.57016077,66.58333333
08/27/2014,33.6,24.5,0,14.92824574,65.75
08/28/2014,33.1,22.7,0,18.89108199,63.45833333
08/29/2014,34.7,24.4,0,20.55698767,58.70833333
08/30/2014,37.3,21.9,0,25.47537589,51.58333333
08/31/2014,36.3,23.9,0,15.6602346,63.41710427
09/01/2014,37.8,23.8,0,24.71814603,54.96495131
09/02/2014,32.5,25.1,0,11.46662354,62.75
09/03/2014,36.1,22.6,0.6,18.24202783,62
09/04/2014,35.4,23.4,0,20.35505971,67.79166667
09/05/2014,36.3,22.8,0,20.17116103,56.41666667
09/06/2014,35.7,23.7,0,14.63256551,56.25
09/07/2014,34.2,24.1,0,16.02803196,57.95833333
09/08/2014,34,23,0,15.91985627,63.54166667
09/09/2014,37.4,21.1,0,24.99940283,56.04166667
09/10/2014,34.6,24.2,0,13.26594591,58.08333333
09/11/2014,37.3,23.1,0,21.62432119,56.04166667
09/12/2014,35.2,24.1,0,18.56294905,63.75
09/13/2014,35.7,22.3,0,21.32864096,65.375
09/14/2014,35.2,24.7,0,16.6374217,64.16666667
09/15/2014,35.9,23.3,0,19.32378477,65.875
09/16/2014,36.4,25.1,0,21.13031885,64.04166667
09/17/2014,36,23.8,0,23.24335074,59.54166667
09/18/2014,32.6,23.1,1.4,18.39707966,74.375
09/19/2014,37.3,24.2,0.4,23.99336888,67.58333333
09/20/2014,31.9,22.8,6,19.95480965,74.58333333
09/21/2014,34.2,24.6,0.2,16.28044191,71.875
09/22/2014,32.9,24.5,0,20.96805531,72.29166667
09/23/2014,36.4,23.9,0,25.29508306,68.20833333
09/24/2014,35.5,25,0,21.68201489,69.79166667
09/25/2014,37.4,23.1,0,24.05106258,60.54166667
09/26/2014,37.4,25.2,0,25.22657179,57.79166667
09/27/2014,34.4,25.3,6,18.68915403,70.875
09/28/2014,35.4,22.1,0.2,19.03171039,62.875
09/29/2014,36.9,21.9,0,25.40686461,56.75
09/30/2014,37.3,21.6,0,21.54499234,51.41666667
10/01/2014,36.3,23.2,0,18.4764085,51.58333333
10/02/2014,33.9,21.6,3.4,18.90911127,71.5
10/03/2014,33.5,24,0,19.25527349,65.20833333
10/04/2014,36.6,24.6,0,22.3599159,57.66666667
10/05/2014,37.7,25.2,0.4,22.80704211,55.75
10/06/2014,35.1,23.6,0,19.78894025,58.625
10/07/2014,36.5,25.8,0,19.7348524,61.08333333
10/08/2014,28.16114588,23.8,1,13.35969818,79.66666667
10/09/2014,33.07804641,22.4,25.4,13.32003376,92.125
10/10/2014,28.06730256,23.1,0,14.84170519,84.70833333
10/11/2014,32.6,23.4,0.8,18.15548727,81.29166667
10/12/2014,34.6,24.2,0,20.64352823,68.83333333
10/13/2014,32.9,24.8,0,14.84170519,62.25
10/14/2014,33.9,23.6,0,15.52321206,65.5
10/15/2014,33.3,24.1,0,15.81889229,62.16666667
10/16/2014,34,21.8,0,17.9211066,62.41666667
10/17/2014,35,23.1,0,19.25166764,62.45833333
10/18/2014,34.9,26.3,0,28.11486281,64.75
10/19/2014,31.4,23.5,0.2,20.25409573,74
10/20/2014,30.4541943,24.1,14,18.06894672,85.15
10/21/2014,35.7,23.2,0,23.32628544,73.625
10/22/2014,34.5,22.4,6.4,21.97048341,73.625
10/23/2014,36.9,23.6,0,20.67958679,74.375
10/24/2014,33.2,23.3,0,24.51261221,74.33333333
10/25/2014,31.3,24,0,14.45587855,79.08333333
10/26/2014,32.17778491,23.2,6.4,8.69732578,89.875
10/27/2014,31.7,23.6,0,20.91757332,81.70833333
10/28/2014,34,25.2,0,19.20118565,73.625
10/29/2014,32.1,24.1,0,17.24681144,77.5
10/30/2014,32.5,23.2,25.8,17.07373033,84.58333333
10/31/2014,33,23.1,0,19.96923307,81.54166667
11/01/2014,31,22.8,6.2,18.42592651,81.45833333
11/02/2014,30.1,22.9,10.2,18.31414496,87.625
11/03/2014,34.1,23.7,0,22.83949481,78.83333333
11/04/2014,32.8,23.4,0,17.32253443,81.25
11/05/2014,29.8,23.1,18.2,11.58201095,89.83333333
11/06/2014,32,22.6,11.8,19.27330278,85.45833333
11/07/2014,32.7,23.7,0.6,19.55816544,84.13043478
11/08/2014,30.9,23.8,0,20.58222867,84.95833333
11/09/2014,31.7,23.1,2.8,22.47890917,83.91666667
11/10/2014,31.6,22.6,1.4,22.51136188,83.91666667
11/11/2014,30.1,22.6,11,16.77083839,86.125
11/12/2014,34.94737271,24.5,2.6,12.40064655,90.75
11/13/2014,30.9,24.3,0.2,19.64110013,85.875
11/14/2014,29.2,24.2,0,14.69747093,84.16666667
11/15/2014,30.4,23.4,1.4,15.41864222,86.75
11/16/2014,28.2,22.3,1,11.40892984,88.41666667
11/17/2014,33.4,22.7,0,19.64470599,81.16666667
11/18/2014,34.1,22.3,0,23.45249041,76.41666667
11/19/2014,30.8,23.8,0.4,16.79968524,82.41666667
11/20/2014,31.7,24.3,0,16.56169872,80.83333333
11/21/2014,31.8,24.2,0,19.15070366,81.875
11/22/2014,30.8,22.6,18.8,19.83581638,86.95833333
11/23/2014,32.1,23.7,0,16.76362668,84.91666667
11/24/2014,34.2,24.2,0,22.73131912,81.54166667
11/25/2014,31.5,24.1,0,20.15673761,83.08333333
11/26/2014,29.8,23.8,11.4,16.91867851,88.20833333
11/27/2014,30.8,23,3,21.90197213,86.16666667
11/28/2014,33.3,23.7,0,22.90800609,80
11/29/2014,34.7,24.2,0,22.33106905,76.79166667
11/30/2014,33.9,24.7,0.2,18.87305271,75.79166667
12/01/2014,35.1,23.7,0,20.60386381,72.83333333
12/02/2014,34.7,23.4,0,18.78651215,72.41666667
12/03/2014,35.5,21.3,0,23.6688418,67.33333333
12/04/2014,32.9,23.6,0,17.52446239,77.33333333
12/05/2014,32.7,24.1,0,21.41157566,77.66666667
12/06/2014,30.8,23.6,0,16.76002082,80.16666667
12/07/2014,34.66590806,24.2,7.2,9.025458718,89.54166667
12/08/2014,31.4,23.6,1,20.66155751,84.66666667
12/09/2014,29.64537161,22.3,24.2,17.97158859,89.75
12/10/2014,31.7,22.9,0,21.00771973,84.66666667
12/11/2014,27.7,22.3,29,10.61924727,91.16666667
12/12/2014,32.8,23.3,0,21.84067257,85.54166667
12/13/2014,29.1,23.9,21.6,18.2276044,87.41666667
12/14/2014,30,22.9,10.4,19.34181405,88.91666667
12/15/2014,31.1,23.8,0,19.29133206,83.375
12/16/2014,31.7,24.2,1.8,16.11355086,84.76
12/17/2014,31.6,24,0,23.29323175,82.41666667
12/18/2014,30.3,24.1,0,18.3256837,81.79166667
12/19/2014,31.4,25.1,0,20.24784558,80.45833333
12/20/2014,30.8,24.9,0,14.59650695,81.5
12/21/2014,30.9,24,0,14.13171205,82.25
12/22/2014,27.9,21.5,6,12.73227916,89.41666667
12/23/2014,32.71969336,22.4,5,12.37851692,95.125
12/24/2014,29.1,21.4,0,16.17226622,88.625
12/25/2014,31,22.7,0,20.24117475,83.25
12/26/2014,27.72954588,21.82954588,12.2,12.41758265,89.65748562
12/27/2014,29.43207086,24.03207086,0,13.90997572,83.63443405
12/28/2014,33.69783304,24.34783304,0,19.53426582,72.98471743
12/29/2014,36.28063761,23.48063761,0,19.52090938,61.75163357
12/30/2014,33.47046884,24.67046884,0,17.99072941,75.26345018
12/31/2014,31.76691017,22.46691017,0,19.78815859,83.47309209
01/01/2015,31.03028905,21.53028905,0,19.90952222,82.4353395
01/02/2015,31.28199175,21.33199175,0,16.6405586,80.8371377
01/03/2015,33.33084268,23.83084268,0,19.04880205,74.12431981
01/04/2015,34.72851801,25.07851801,0,18.98887381,69.86213483
01/05/2015,35.49705937,25.59705937,0,19.96834988,67.09796208
01/06/2015,33.70726782,23.00726782,0,19.83554196,76.55396153
01/07/2015,31.74710141,22.84710141,0,18.38752051,81.58532382
01/08/2015,31.82792815,22.32792815,0,20.60817258,83.5047272
01/09/2015,35.43680034,24.93680034,0,19.37417271,69.2078595
01/10/2015,29.85475931,21.65475931,0.4,17.83844084,88.64134057
01/11/2015,31.29521177,21.29521177,0,16.52862198,80.59949775
01/12/2015,30.56171164,21.61171164,27,17.38140874,86.37458441
01/13/2015,30.95183278,22.35183278,0.1,17.99978025,80.8567402
01/14/2015,27.85321661,23.25321661,0,13.53915569,85.69609613
01/15/2015,31.11927288,24.01927288,0.1,16.00083984,81.53746836
01/16/2015,30.66178233,22.86178233,1.8,19.65808529,84.85850763
01/17/2015,29.91210802,21.61210802,1,18.41691601,87.85727796
01/18/2015,30.60114811,22.50114811,0,19.35765124,86.02920365
01/19/2015,28.88976533,24.28976533,0,13.03204138,84.88745512
01/20/2015,32.0186882,22.8186882,0.1,17.07663442,75.36998927
01/21/2015,32.1552533,22.1552533,1,19.75735116,84.47803761
01/22/2015,35.34982546,24.84982546,0,18.24695245,64.93798745
01/23/2015,32.53859328,22.53859328,7.4,16.81347344,77.93092184
01/24/2015,33.66372125,23.86372125,0,17.68381775,73.28674526
01/25/2015,34.41183303,24.76183303,0.2,18.87434554,71.0275437
01/26/2015,33.214786,24.314786,0,19.00358029,74.7934592
01/27/2015,31.77747683,23.57747683,0,17.23037037,81.96375494
01/28/2015,36.43985019,25.03985019,0,19.89162075,61.15951157
01/29/2015,33.07143562,22.37143562,0,18.5572226,83.64039369
01/30/2015,32.81306922,22.91306922,0,17.83536316,75.36205425
01/31/2015,31.03155967,23.93155967,0.2,16.19568266,81.40526001
02/01/2015,31.21547652,25.11547652,0,15.30705379,77.49333582
02/02/2015,32.99052947,25.29052947,0,18.31211475,74.94024993
02/03/2015,33.72119798,24.12119798,0,18.29150938,74.60679607
02/04/2015,34.77744772,24.27744772,0,19.92396622,66.88999625
02/05/2015,34.13761607,24.93761607,0,18.77029447,69.18393687
02/06/2015,31.41303365,23.81303365,0,17.04408937,80.18735237
02/07/2015,32.61084324,24.91084324,0,17.62265506,75.55931903
02/08/2015,34.33510641,26.03510641,0,19.78672337,69.64792273
02/09/2015,32.91645195,25.31645195,0,17.81413133,73.61272015
02/10/2015,32.64537149,24.94537149,1,17.82652351,75.58143407
02/11/2015,31.95454728,24.45454728,0,16.20511162,76.54775001
02/12/2015,34.07348886,24.07348886,0.4,18.66325586,71.16951304
02/13/2015,32.58743961,24.78743961,0,17.36318711,72.53182076
02/14/2015,34.20107093,25.00107093,0,18.44981889,72.77262656
02/15/2015,33.07403646,24.27403646,0,18.36383536,72.98879214
02/16/2015,34.17658322,24.77658322,0,18.83996559,70.04665268
02/17/2015,33.83091851,25.13091851,0,17.58444605,70.68775078
02/18/2015,35.88071794,25.88071794,0,18.49690458,64.05872404
02/19/2015,33.2054464,25.4054464,0,19.91914581,76.08680866
02/20/2015,38.32926861,26.12926861,2,21.78114885,56.89583333
02/21/2015,36.63679698,24.43679698,0,20.1751355,54.34027778
02/22/2015,35.8440417,25.0440417,0,18.35771216,51.26388889
02/23/2015,32.08332594,24.58332594,0,17.07001175,77.5586078
02/24/2015,31.1745528,23.5745528,2.6,16.58686831,80.23625957
02/25/2015,30.01104948,24.51104948,1.2,14.53107781,83.79089323
02/26/2015,31.74365803,24.34365803,0,16.50058476,81.53892917
02/27/2015,34.2697447,23.2697447,0,19.87505787,72.58686094
02/28/2015,33.31883095,22.91883095,0.2,19.85583063,77.31572729
03/01/2015,30.0170687,23.4170687,0,15.82341433,87.49758706
03/02/2015,30.81447604,23.51447604,0,16.04916665,81.19064163
03/03/2015,29.98460402,23.38460402,2.2,15.87542311,87.47746474
03/04/2015,30.01393947,23.21393947,0,15.62574622,88.51127095
03/05/2015,30.46404757,24.16404757,0,17.92367645,84.65227698
03/06/2015,30.0658823,22.6658823,2,16.15067528,84.05773428
03/07/2015,29.08821995,22.78821995,0,16.73701712,87.2704879
03/08/2015,29.04048033,23.44048033,2,15.88926296,87.63975994
03/09/2015,29.44505148,23.14505148,6.6,15.1435627,85.89609524
03/10/2015,29.75720284,23.95720284,0.2,14.83010219,83.28813851
03/11/2015,31.26831085,23.16831085,0,16.5287408,79.02104252
03/12/2015,33.41920824,24.21920824,0,17.41603951,75.90257099
03/13/2015,29.42602603,23.62602603,0.2,14.65680667,86.49357507
03/14/2015,31.15777367,23.75777367,0,16.20375095,81.3396612
03/15/2015,33.05356878,22.85356878,0,17.94220198,77.66701825
03/16/2015,32.42278018,22.12278018,2.2,18.00891295,78.98374567
03/17/2015,30.25846801,23.05846801,0,15.72419671,84.77318305
03/18/2015,31.78362374,21.48362374,1.4,19.20788282,83.17793577
03/19/2015,30.4,22.8,0.4,15.95110702,86.86805556
03/20/2015,30.9,23.2,0,17.13262599,81.93055556
03/21/2015,30,22.6,2,13.99553087,87.50694444
03/22/2015,32.3,24.1,0,21.68622172,78.54861111
03/23/2015,29.2,22.9,6.2,15.48474959,88.19444444
03/24/2015,30,23.5,0,18.4661919,86.31944444
03/25/2015,31.1,23.9,0,19.98305552,84.62857143
03/26/2015,31.5,23.3,23.2,16.97877611,87.79861111
03/27/2015,34.4,24,0,21.32864096,79.52777778
03/28/2015,31.9,24.4,0,15.23654647,85.04861111
03/29/2015,31.89618878,22.3,26.4,12.47503304,92.72222222
03/30/2015,31.1435267,22.3435267,0,18.56944126,81.95186564
03/31/2015,31.85444632,23.85444632,0,17.73105731,80.28291414
04/01/2015,32.58575535,22.58575535,0.2,17.57164916,79.65272991
04/02/2015,32.11574074,22.01574074,0.2,19.59509515,82.56713479
04/03/2015,29.28632685,21.38632685,14.4,18.16008464,87.46234614
04/04/2015,31.1221116,23.2221116,0,17.03320564,81.22328944
04/05/2015,31.67497474,22.77497474,0.2,18.22842585,80.56500655
04/06/2015,28.60963541,23.70963541,4.8,12.1728768,88.49284814
04/07/2015,31.47786571,23.17786571,0,17.33573908,81.93388173
04/08/2015,30.79252166,23.49252166,0,16.04223232,81.32012632
04/09/2015,31.13955973,23.23955973,0,17.03230508,81.20092698
04/10/2015,33.04933579,24.14933579,0,19.15818801,75.82151727
04/11/2015,33.01939859,24.41939859,0,17.85980204,75.29790054
04/12/2015,35.92288238,22.52288238,0,19.6888215,65.06273467
04/13/2015,35.94913926,23.14913926,0,20.22544449,66.13493811
04/14/2015,32.92042015,24.72042015,0.4,18.87807611,75.92342644
04/15/2015,35.3320937,23.3320937,0.2,20.59618082,71.59806373
04/16/2015,37.52668223,23.42668223,0,20.2442851,58.53366331
04/17/2015,33.2953577,24.4953577,0.2,18.33167853,72.87414464
04/18/2015,33.35290642,23.15290642,0,18.55487383,71.76572355
04/19/2015,33.21838831,24.01838831,0,18.71887053,76.98917255
04/20/2015,33.70472395,24.10472395,0,18.29150938,74.60679607
04/21/2015,34.40035251,25.60035251,0,20.28207265,71.08973985
04/22/2015,35.97891694,24.57891694,0,19.53790488,61.71366602
04/23/2015,36.30947805,22.90947805,0,19.5878245,59.35817143
04/24/2015,35.24470175,25.04470175,0.2,19.42962916,68.68482866
04/25/2015,36.62863676,23.22863676,0.2,19.47042786,62.55142398
04/26/2015,34.02798912,23.92798912,0,17.93773768,73.41720352
04/27/2015,33.81840422,23.71840422,0.2,19.26064368,69.0261975
04/28/2015,34.73534296,22.73534296,0,21.24910452,70.62499823
04/29/2015,34.23550635,23.13550635,0,19.85772747,69.20295947
04/30/2015,33.57177728,23.17177728,0,18.96903031,71.32292965
05/01/2015,32.53241453,25.33241453,0,15.44632448,73.57640567
05/02/2015,34.53313029,25.03313029,0,19.0132584,74.76816687
05/03/2015,34.49024694,23.69024694,0,19.480675,71.90144939
05/04/2015,32.16473471,22.76473471,0.8,18.71109914,80.28989324
05/05/2015,33.42658423,24.22658423,0,17.93953111,75.20946546
05/06/2015,31.33153672,22.23153672,11.8,20.59366206,83.78033786
05/07/2015,32.31420319,23.21420319,0,18.61220449,80.83471967
05/08/2015,32.80385305,23.30385305,0,18.59454611,80.39183089
05/09/2015,33.45036935,23.85036935,0.8,18.83834041,73.12292094
05/10/2015,32.00755774,23.00755774,7.4,18.21504441,73.64486702
05/11/2015,33.15392096,23.45392096,0,18.64484377,77.42236027
05/12/2015,31.57064312,22.67064312,4.8,17.49508472,80.91859276
05/13/2015,31.54035287,22.14035287,2.6,20.27617979,83.64890623
05/14/2015,31.11135142,23.51135142,0,15.79772555,78.58850357
05/15/2015,31.16811439,21.66811439,0,17.67759565,86.27379427
05/16/2015,31.24696153,23.24696153,0,17.31818185,80.92012114
05/17/2015,31.51218538,21.91218538,0.4,18.82973643,82.95740866
05/18/2015,33.98774724,23.08774724,0,18.70575611,66.43655752
05/19/2015,30.81425988,23.61425988,0,16.03336537,81.10524771
05/20/2015,32.55638465,22.75638465,0.6,17.53399886,76.56334312
05/21/2015,30.58328155,22.68328155,0,19.50710761,86.12951679
05/22/2015,31.78213032,23.98213032,0,16.49510879,81.11382676
05/23/2015,29.96325335,22.76325335,0.2,15.85069464,85.02438308
05/24/2015,30.19459887,22.99459887,0,15.87021013,84.77322526
05/25/2015,33.59323567,22.19323567,0,19.67548639,71.20325075
05/26/2015,31.09854807,22.09854807,8.4,20.46100252,83.74626086
05/27/2015,33.55986098,22.15986098,0.2,19.41982078,70.88299245
05/28/2015,31.80206319,22.20206319,4.8,15.21391238,86.68889439
05/29/2015,29.75845808,24.35845808,2.2,14.02747528,83.44793567
05/30/2015,32.87755539,23.67755539,0,17.90418394,72.2284883
05/31/2015,29.66182725,24.06182725,0,13.92425438,83.06321167
06/01/2015,32.96955164,22.16955164,3.8,18.95953156,79.62792359
06/02/2015,31.42342439,23.32342439,0,16.91002524,78.54146877
06/03/2015,32.59783124,22.99783124,0,17.47404486,75.12734305
06/04/2015,32.67941996,21.97941996,0,18.94864117,78.59940276
06/05/2015,34.58048894,22.18048894,0,20.93564102,68.36215107
06/06/2015,32.40357842,22.00357842,0,18.20547551,78.25300533
06/07/2015,33.08341292,21.88341292,0,18.96080061,80.52694685
06/08/2015,33.31028018,22.81028018,8.4,20.39485662,77.15856586
06/09/2015,34.40919427,23.20919427,0,21.30437834,74.08864183
06/10/2015,35.34389086,22.14389086,1.2,19.58204266,64.9171347
06/11/2015,32.66661162,22.86661162,0,18.60654775,76.77590421
06/12/2015,32.46427553,22.46427553,0,16.91082257,77.67140918
06/13/2015,32.29514377,22.99514377,0,17.60387701,77.31109235
06/14/2015,31.36097727,24.06097727,0,17.1708525,79.61273028
06/15/2015,33.90532033,23.20532033,0,18.83518928,74.74138446
06/16/2015,32.04415837,23.24415837,0,18.24718119,78.91015896
06/17/2015,31.38636252,20.88636252,1.4,16.98259624,74.47170427
06/18/2015,31.33972161,21.63972161,3.4,19.01861501,85.33712027
06/19/2015,30.85572449,22.15572449,0.2,19.85886792,84.35973845
06/20/2015,32.26235822,22.56235822,0,17.06403203,79.42677455
06/21/2015,32.13621692,23.23621692,0,19.61431814,82.39338065
06/22/2015,30.7919521,24.0919521,0,16.9342198,83.37633863
06/23/2015,33.1891712,23.3891712,3.4,19.648565,74.88889625
06/24/2015,34.49086221,21.79086221,0,21.64754046,70.60158535
06/25/2015,33.71634309,22.91634309,0,18.52004247,75.01817346
06/26/2015,31.17969496,23.87969496,0,16.41784805,81.52227207
06/27/2015,33.96201432,22.86201432,7,18.41603447,68.44445327
06/28/2015,31.2220613,22.4220613,4,20.23834066,83.9747829
06/29/2015,30.31722735,24.81722735,0,14.60536027,80.99553774
06/30/2015,30.33053061,22.73053061,1.2,17.43887492,84.64424132
07/01/2015,30.34766002,21.54766002,0.9,18.335117,86.16810124
07/02/2015,31.04784738,20.94784738,0.4,16.51509939,75.13096508
07/03/2015,32.8677548,23.0677548,0,18.30603932,76.51495821
07/04/2015,32.85581878,22.05581878,0,19.06160838,78.6506725
07/05/2015,32.76565404,22.86565404,0.4,18.02545517,75.83183341
07/06/2015,32.58707808,23.78707808,0,18.15046549,82.30667502
07/07/2015,31.78996006,23.18996006,0.4,18.54578986,81.85527826
07/08/2015,28.91493016,22.51493016,13.4,16.13231988,88.41807715
07/09/2015,30.57502102,23.27502102,0,15.72669066,87.21115329
07/10/2015,32.66220454,22.76220454,0,18.56460685,76.9221766
07/11/2015,30.54947484,20.94947484,0.2,19.08498327,82.78695795
07/12/2015,32.37889939,22.47889939,0,16.12009591,75.2021269
07/13/2015,34.69759523,22.79759523,0,20.8874594,71.46646603
07/14/2015,32.20436196,24.30436196,0,17.64902813,80.87918869
07/15/2015,35,23.09245767,0.2,18.99164516,64.92899497
07/16/2015,34.8,24.9,0,14.02678163,62.04166667
07/17/2015,35.7,23.7,0,19.32378477,57.79166667
07/18/2015,34.7,24.3,0,15.28161967,63.25
07/19/2015,35.3,21.4,0,17.82014262,56.54166667
07/20/2015,35.8,23.6,0,20.91396746,65.125
07/21/2015,35.8,24.3,0,20.1819786,64.83333333
07/22/2015,34.4,24.1,0,14.76958806,67.45833333
07/23/2015,34.9,22.4,0.2,18.59900762,58.5
07/24/2015,35.1,20.4,0,20.49929397,63.00374531
07/25/2015,35.8,23.6,0,21.13753056,60.5
07/26/2015,34.7,22.2,0,14.18543931,61.29166667
07/27/2015,33.2,23.7,0,13.06401795,64.58333333
07/28/2015,35,23,0,19.77812268,64.875
07/29/2015,32.8,23,0,17.8057192,68.625
07/30/2015,33.4,22.6,2.4,15.60614676,63.41666667
07/31/2015,35.1,22.2,0,20.62189309,62.20833333
08/01/2015,35.7,21.8,0,14.44866683,63.20833333
08/02/2015,36.4,24.9,0,18.41871479,56.375
08/03/2015,36.3,21.4,0,22.15438209,59.75
08/04/2015,36.9,23.2,0,17.32614029,58.875
08/05/2015,36.3,23.6,0,18.40429137,59.83333333
08/06/2015,37.4,22.3,0,19.95480965,54.66666667
08/07/2015,34.5,23.5,1.8,17.31892857,60.41666667
08/08/2015,33.8,24,1.2,13.5075383,69.54166667
08/09/2015,34.3,22,0,15.8837977,64.625
08/10/2015,36.6,23.8,0,17.03767177,61.79166667
08/11/2015,35.5,22.9,0,16.05687881,60.33333333
08/12/2015,35.9,23.4,0,15.38618951,59.875
08/13/2015,37.3,23.4,0,18.20957512,57.66666667
08/14/2015,33.8,26.5,0,14.91021646,60.91666667
08/15/2015,34,22.8,1.4,17.23959973,68.5
08/16/2015,33.8,24.2,0,13.72388968,65.33333333
08/17/2015,35.7,23.6,0,19.47162488,59.95833333
08/18/2015,37.8,22.7,0,24.94170913,54.75
08/19/2015,35.8,22.3,0,17.22517631,61.08333333
08/20/2015,35.9,24.7,0,17.12781818,52.125
08/21/2015,34.4,23.1,0,14.53520739,54.16666667
08/22/2015,36.1,24.7,0,19.97283893,53.91666667
08/23/2015,38.2,24.1,0.4,18.15909313,52.375
08/24/2015,36.3,24.4,0.2,21.37912295,59.04166667
08/25/2015,34.2,22.9,0,16.95113122,62
08/26/2015,35.4,23.2,0,15.1301737,62.20833333
08/27/2015,34.9,25.3,0,13.77797753,63.70833333
08/28/2015,37.2,24.3,0,20.11346733,53.5
08/29/2015,36.8,24.6,0,19.56537715,52.625
08/30/2015,33.4,23.1,0,12.29597053,63.33333333
08/31/2015,34.9,23.9,0,12.87651342,58.16666667
09/01/2015,37.2,24.6,0,21.02935487,55.33333333
09/02/2015,34.8,24.4,0,16.25159506,57.29166667
09/03/2015,37.4,23.7,0,21.46205765,53.5
09/04/2015,38.1,22.4,0,21.32142924,55.25
09/05/2015,37,22.9,0.8,12.06158986,58.41666667
09/06/2015,31.3,23.3,3.2,14.47030197,75.29166667
09/07/2015,36.6,23.3,0,15.18426155,64.54166667
09/08/2015,37.3,22.3,0,20.51732325,62.04166667
09/09/2015,36.1,24.5,1.4,16.22274821,62.875
09/10/2015,35.3,23.6,0,14.03038748,60.45833333
09/11/2015,31.5,24.8,0,11.22503116,66.16666667
09/12/2015,38.6,22.6,0,24.60636448,56.125
09/13/2015,38.8,21.4,0,25.98380165,54.76082524
09/14/2015,37.2,24.3,0,19.51489516,50.45833333
09/15/2015,35.9,21.9,0,15.32488995,54
09/16/2015,37.9,22.7,0,25.0931551,55.7983235
09/17/2015,37.7,23.1,0,22.96930565,56.41666667
09/18/2015,37.7,25.4,0,22.34549248,59.16666667
09/19/2015,37.4,25.7,0,20.49208226,57.66666667
09/20/2015,36.4,26.9,0,19.01007525,52.75
09/21/2015,38.8,23.8,0,24.38640723,51.125
09/22/2015,38,26.4,0,23.64720666,59.50647995
09/23/2015,37.9,24.3,0,21.90918385,50.125
09/24/2015,38.6,23.2,0,23.81307606,50.58333333
09/25/2015,37.8,22.9,0,22.87915923,50.91666667
09/26/2015,37.7,23.6,0,21.00411388,57.41680543
09/27/2015,37.3,25.6,0,24.68208746,50.83333333
09/28/2015,39.5,22.2,0,24.7289636,55.21395179
09/29/2015,37.7,23.9,0,19.43196046,57.13837293
09/30/2015,35,23.6,0,18.42232065,64.91666667
10/01/2015,34.56107622,23.8,8.6,10.37044318,84.25
10/02/2015,35.7,23.9,0,19.8177871,72.375
10/03/2015,34.2,25.7,0.2,17.2756583,73.16666667
10/04/2015,37.3,26,0,15.92706798,61.625
10/05/2015,36.9,24.2,0,18.41871479,57.20833333
10/06/2015,37.9,24.5,0,20.31178944,53.29166667
10/07/2015,38.2,23.1,0,20.77694492,50.58333333
10/08/2015,36.1,27.3,0,19.74566997,60.08333333
10/09/2015,35.7,25.3,0,20.67958679,61.54166667
10/10/2015,37.2,25.1,16.2,22.73853083,66.29166667
10/11/2015,32.3,23.6,4.6,21.01493144,78.45833333
10/12/2015,34.52037087,23.7,13.4,11.55676995,84.45833333
10/13/2015,35.1,24.1,0,22.28779878,76.41666667
10/14/2015,34.2,23.9,3.8,23.10272233,77.58333333
10/15/2015,31.3,23.4,1.8,14.59650695,81.04166667
10/16/2015,31.9,24.7,2.4,10.25505577,80.375
10/17/2015,33.7,24.2,0.2,13.28036934,71.79166667
10/18/2015,33.1,23.7,0,10.92213922,71.33333333
10/19/2015,36.5,22.2,0,23.16041604,63.375
10/20/2015,37.1,22.1,0,22.11111181,60.16666667
10/21/2015,37.8,21.9,0,21.57744505,58.16666667
10/22/2015,36.6,24.2,0,23.6688418,61.875
10/23/2015,33.9,25.2,0.8,17.91028903,73.375
10/24/2015,36.4,24.7,0.8,17.57855024,67.70833333
10/25/2015,35.5,24.1,9.4,20.07740877,72.79166667
10/26/2015,36.2,24.4,0,15.85855671,68.83333333
10/27/2015,35.9,24.9,0,17.84177776,70.79166667
10/28/2015,35.6,24.7,0,16.37780004,64.33333333
10/29/2015,37.2,22.9,0,22.32025148,64.5
10/30/2015,36.5,25.7,0,24.01139816,63.41666667
10/31/2015,34.4,24.4,1,21.7144676,70.16666667
11/01/2015,33.8,23.2,7.2,16.79968524,74.04166667
11/02/2015,34.80024124,22.8,8.2,10.37765489,88.375
11/03/2015,32.8,23.2,0.4,21.35748781,78.25
11/04/2015,31.6,24,0,16.09654323,78.625
11/05/2015,34.53482473,24.4,2.8,11.32238928,87.04166667
11/06/2015,32.1,23.3,1.4,19.75288168,80.47826087
11/07/2015,31.91121889,22.9,43.6,10.73102882,88.70833333
11/08/2015,34.8,23.6,0,17.78408406,79.33333333
11/09/2015,34.8,23.8,0,20.86348547,73.625
11/10/2015,36.9,23.7,0,20.5966521,67.95833333
11/11/2015,35.7,24.2,0,17.85620119,68.79166667
11/12/2015,35.7,25.4,0,20.42357099,65.83333333
11/13/2015,35.8,23.9,0,21.97048341,66.54166667
11/14/2015,35.9,24,0,16.38861761,63.33333333
11/15/2015,36.2,23.9,0,20.10264976,63.95833333
11/16/2015,37.3,23.1,0,21.01493144,62.33333333
11/17/2015,33.6,24.9,0,15.23113768,75.41666667
11/18/2015,32.7,23.7,1,15.047239,79.29166667
11/19/2015,33.1,24.8,0,24.53064149,74.41666667
11/20/2015,34.5,25.6,1.8,21.52696306,71.375
11/21/2015,33.6,23,4.8,16.03524367,80.91666667
11/22/2015,36.2,25.3,0.2,21.71086174,73.875
11/23/2015,30.8,25,0,19.03171039,77.29166667
11/24/2015,35,24.3,0.8,20.80218591,74.66666667
11/25/2015,35.3,23.3,10.2,23.15681018,74.70833333
11/26/2015,35.4,24.5,0,17.94995345,74.83333333
11/27/2015,33.3,25.2,0,19.6771587,76.08333333
11/28/2015,36.2,24.8,0,21.88754871,72.54166667
11/29/2015,34.3,24.2,3.2,17.98240616,78.91666667
11/30/2015,32.1,25.9,0,10.37044318,80.58333333
12/01/2015,34,24.7,0,11.47744111,73.29166667
12/02/2015,35.5,23.7,0,19.81057539,61.29166667
12/03/2015,32.7,21.4,0,12.11207185,68.375
12/04/2015,33,24.4,0,14.50636054,72.54166667
12/05/2015,36.4,23.4,0.2,17.57855024,74.75
12/06/2015,36.9,23.3,0,22.85391824,64.91666667
12/07/2015,36.3,22.8,0,19.20839736,62.20833333
12/08/2015,36.7,21.9,0,22.55823801,59.79166667
12/09/2015,37.5,23.2,0,21.73610274,58.20833333
12/10/2015,37.1,24.3,0,21.62432119,56.625
12/11/2015,37.3,21.9,0,21.17719499,55.54166667
12/12/2015,38.1,21.2,0,22.83949481,53.04166667
12/13/2015,34.7,22.3,0,13.74913068,61.625
12/14/2015,36.9,24.2,0,20.34063629,60.70833333
12/15/2015,32.9,24.9,0,15.77922787,72.75
12/16/2015,35.4,24.6,0,13.77076582,70.83333333
12/17/2015,35.1,24.7,0,14.39097313,61.79166667
12/18/2015,33.4,25.1,0,12.88733099,63.83333333
12/19/2015,35,24.8,0,15.9090387,65.66666667
12/20/2015,36.8,22.1,0,23.02699935,57.83333333
12/21/2015,37.9,21.4,0,23.48854898,53.79166667
12/22/2015,37,22.1,0,21.28176482,53.375
12/23/2015,38.4,24.6,0,22.84310067,52.20833333
12/24/2015,38.8,22.9,0,21.9957244,50.66666667
12/25/2015,36.7,22.2,0,19.30936134,53.125
12/26/2015,37.8,24.3,0,21.880337,51.33333333
12/27/2015,38.5,23,0,22.35270419,53.41666667
12/28/2015,37.6,23.1,0,16.99440149,56.875
12/29/2015,38,23.1,0,21.51614549,54.125
12/30/2015,36.3,24.9,0,19.94038622,54.375
12/31/2015,37.1,24.9,0,15.3212841,52.70833333
01/01/2016,37.9,22.9,0,21.45845179,55.125
01/02/2016,34.9,23.8,0,12.06519571,59.08333333
01/03/2016,37.7,22.3,0,21.15195399,56.875
01/04/2016,35.4,24.8,0,14.59650695,62.25
01/05/2016,36.7,26.7,0,18.91271713,63.91666667
01/06/2016,33.7,23.9,25.4,20.29736601,78.95833333
01/07/2016,35.4,24.9,0,21.44763422,73.70833333
01/08/2016,32.00674704,26.2,80.8,10.74184639,85.70833333
01/09/2016,35,25.1,0,21.89115456,79.625
01/10/2016,33.2,26.1,0.4,15.37537194,75.70833333
01/11/2016,32.9,27.1,0,17.07733619,69.29166667
01/12/2016,34,25.1,0,21.24570626,66.70833333
01/13/2016,35.3,26.3,0,22.14717037,65.70833333
01/14/2016,34.4,26.8,0,20.10264976,65.25
01/15/2016,36.9,26.4,0,21.06541344,65.16666667
01/16/2016,37.7,25.1,0,21.86951943,66.45833333
01/17/2016,36.6,26.6,0,20.60386381,67.41666667
01/18/2016,36.1,27.6,0,21.06901929,62.29166667
01/19/2016,35.8,27.2,0,21.27815897,62.375
01/20/2016,36.7,26.9,0,20.97526702,61.54166667
01/21/2016,36.6,27.8,0,18.16630484,62
01/22/2016,37.1,26.8,0,21.9380307,61.58333333
01/23/2016,37.8,27.9,0,22.2445285,58.58333333
01/24/2016,37.1,27.3,0,21.42599908,60.91666667
01/25/2016,35.5,26.2,0,19.30214963,66.08333333
01/26/2016,37.7,26.3,0,21.7144676,60.33333333
01/27/2016,38.6,25.7,0,23.15681018,54.5
01/28/2016,38.6,23.3,0,22.57266144,51.125
01/29/2016,36.3,28.1,0,22.45727403,61.66666667
01/30/2016,34.8,24.7,0,22.05702396,66.54166667
01/31/2016,35.7,27.1,0,21.80461401,59.45833333
02/01/2016,37.3,27.3,0,21.31061167,56.70833333
02/02/2016,37.9,24.2,0,22.72050155,53.45833333
02/03/2016,37.9,27.7,0,22.26616364,53.25
02/04/2016,34.1,26.1,0,12.75752015,63.75
02/05/2016,32.3,25.5,2.4,13.30921619,76.70833333
02/06/2016,34.8,24.1,0,19.61585914,73.75
02/07/2016,33.8,26.4,0,10.9149275,68.91666667
02/08/2016,31.4,23.9,3.2,11.59643437,77.125
02/09/2016,36.6,25.3,0,22.95848808,67.625
02/10/2016,33.5,25.2,1,13.29839862,74.66666667
02/11/2016,37.8,24.6,0,23.09190477,61
02/12/2016,37.8,25.2,0,20.4884764,56.54166667
02/13/2016,36.7,24.9,0,17.4739804,61.54166667
02/14/2016,35.9,26.8,0,15.70350488,58.33333333
02/15/2016,35.3,24.8,0,12.5303512,61.5
02/16/2016,38.1,24.4,0,22.88637095,58
02/17/2016,36.9,25.2,0,20.35866557,58.54166667
02/18/2016,35.3,25.9,2,16.29125948,73.625
02/19/2016,38.1,26.1,0,21.62071533,63.125
02/20/2016,36.7,27.1,0,16.44991717,58.79166667
02/21/2016,34.4,26.6,0,13.50393244,71.58333333
02/22/2016,32.7,25.7,0,17.13502989,74.25
02/23/2016,37.1,27,0.4,21.29258239,69.875
02/24/2016,37.6,27.2,0,23.08829891,62.875
02/25/2016,33.2,27.7,0,16.78886767,69.70833333
02/26/2016,33.4,26.2,0,14.73352949,72.20833333
02/27/2016,37.8,26.8,1.2,23.13517504,64.125
02/28/2016,36.7,28.3,0,18.00043544,59.58333333
02/29/2016,37.1,27.7,0,21.14474228,61.75
03/01/2016,35.1,28.1,0,13.56883786,66.04166667
03/02/2016,30.49948632,25.8,31.8,13.74944886,88.75
03/03/2016,33.2,25.7,0,17.0845479,82.16666667
03/04/2016,30.00183482,23.70183482,0,14.63617137,85.18310505
03/05/2016,30.51325825,23.91325825,0,17.63580556,83.972577
03/06/2016,32.90622835,22.70622835,0,18.90777025,73.28072015
03/07/2016,31.8657522,23.0657522,0,19.97682938,82.90381996
03/08/2016,32.08595505,22.38595505,0,18.5437236,81.15716427
03/09/2016,32.14591481,22.44591481,3.4,18.69203259,81.51988083
03/10/2016,33.55077901,23.25077901,0,19.14692405,72.54629456
03/11/2016,31.32377108,23.92377108,6.2,15.91809414,80.86250058
03/12/2016,32.47475341,21.57475341,0,18.00512548,76.49580406
03/13/2016,33.32193811,21.32193811,6.6,19.68515958,74.92145161
03/14/2016,32.93501528,23.33501528,0,19.69549491,74.54489232
03/15/2016,34.63046195,24.43046195,0,19.52979042,69.28117127
03/16/2016,33.30997854,23.10997854,0,18.27775757,75.53347737
03/17/2016,32.12793883,21.92793883,6.6,19.01608824,82.26160134
03/18/2016,33.82175852,23.52175852,0,18.69639296,71.83506008
03/19/2016,32.8629914,22.9629914,0,19.38884928,74.38130604
03/20/2016,35.16888658,23.86888658,0,20.63301675,69.51211427
03/21/2016,30.10383291,23.40383291,0,15.77468124,87.46124638
03/22/2016,31.38107184,22.78107184,2,17.69643437,79.46749167
03/23/2016,32.28162676,22.38162676,2,17.70840931,78.36100272
03/24/2016,33.14311727,21.84311727,0,19.90651717,78.3474583
03/25/2016,30.55983715,23.55983715,0.2,17.22983669,84.52966658
03/26/2016,30.83973712,22.83973712,0,19.81329653,84.91714203
03/27/2016,32.38244201,22.68244201,0.4,18.03690108,77.87830049
03/28/2016,32.3462704,23.1462704,0,17.45779194,75.84414988
03/29/2016,33.61081893,21.81081893,0,19.45292888,71.31640548
03/30/2016,35.53185622,23.53185622,0,18.25157844,63.96311259
03/31/2016,34.77209002,23.37209002,0,20.85345174,69.54085614
04/01/2016,36.0165111,23.6165111,0.2,19.30122813,63.20054067
04/02/2016,36.12499141,23.32499141,0,21.3589811,67.16972154
04/03/2016,37.319102,23.919102,0,20.19672977,61.35130143
04/04/2016,35.08922711,22.68922711,0,21.35064892,67.09015084
04/05/2016,34.28010298,24.18010298,0,20.61394591,76.36046129
04/06/2016,34.37947251,23.57947251,6.2,18.99753442,74.63597284
04/07/2016,34.42899418,23.62899418,0,19.27110211,73.41736242
04/08/2016,36.43159125,23.63159125,0,21.88133607,66.8424793
04/09/2016,32.80058622,24.00058622,1,18.50530727,78.36409902
04/10/2016,34.72677446,23.62677446,0,20.66627052,70.80417541
04/11/2016,33.65244096,24.75244096,0,17.94965182,72.94957983
04/12/2016,34.79307268,23.99307268,0,20.57385892,71.84595189
04/13/2016,36.06875019,23.26875019,0,21.22278779,67.36352039
04/14/2016,34.3420941,23.3420941,0,20.5695762,71.6829846
04/15/2016,36.27053434,24.27053434,0,19.97177002,60.58910386
04/16/2016,36.18656981,22.78656981,0.2,19.80817205,62.58386519
04/17/2016,32.71832583,24.81832583,4.8,18.91506208,71.95018305
04/18/2016,35.25180712,25.15180712,0,19.25581893,69.36273143
04/19/2016,37.25125517,23.75125517,0,20.34852649,59.62863794
04/20/2016,36.29248696,24.29248696,0,19.98190383,60.58910386
04/21/2016,34.40959986,24.30959986,0,20.33479544,71.76466867
04/22/2016,33.51334565,23.41334565,0.2,19.87018778,72.59444171
04/23/2016,34.35674951,25.55674951,0,20.46588771,71.12975127
04/24/2016,32.90348925,24.70348925,0,18.79729822,75.97323752
04/25/2016,33.94443179,22.84443179,0,19.40173342,70.19676224
04/26/2016,34.14035948,23.14035948,0,19.89869624,69.43682557
04/27/2016,33.76474592,23.66474592,0,19.37979267,69.79020646
04/28/2016,33.79279785,23.59279785,0,19.03661846,69.63302024
04/29/2016,34.19086477,24.09086477,0,20.43462858,69.65670634
04/30/2016,31.97241117,22.37241117,6.2,18.40325356,81.16614703
05/01/2016,33.717156,23.717156,0.6,19.51695061,72.93439004
05/02/2016,32.6100164,24.7100164,0,18.23236051,76.2816349
05/03/2016,35.92222494,24.02222494,0,20.06862535,65.83256851
05/04/2016,33.83793971,23.33793971,1.8,18.82748906,73.22355325
05/05/2016,31.02412977,22.42412977,2.6,18.57668564,81.78732567
05/06/2016,31.83851684,22.33851684,11.8,21.0335111,83.77655766
05/07/2016,28.46086223,24.46086223,0.2,13.6859943,84.48058779
05/08/2016,29.66723586,23.16723586,4.8,15.70090143,87.67316433
05/09/2016,31.25794387,22.65794387,0.2,17.75524545,80.78139618
05/10/2016,32.9270651,23.7270651,1.2,17.21099223,71.30302599
05/11/2016,29.58628953,24.18628953,0.4,13.5785057,82.97786339
05/12/2016,34.8571676,22.8571676,0,21.28290328,75.93697543
05/13/2016,31.46193832,24.96193832,17.6,14.69325453,75.98176247
05/14/2016,29.6083354,23.1083354,8.4,15.45390119,86.0942109
05/15/2016,32.50884643,22.90884643,0.2,18.00292564,77.84619482
05/16/2016,28.6323098,23.4323098,21.8,12.12867351,88.66722865
05/17/2016,30.77332956,21.77332956,0,18.39864001,86.16611985
05/18/2016,30.57669711,21.57669711,0,18.4446305,86.23110307
05/19/2016,31.90037111,22.40037111,0,19.48419117,81.76676489
05/20/2016,29.08335925,23.48335925,0,15.73954373,86.99197077
05/21/2016,31.02622134,23.12622134,3.6,17.53142911,80.75664797
05/22/2016,32.81387485,23.21387485,0,18.92466512,78.83270208
05/23/2016,30.40404477,25.20404477,0,15.11523011,83.19678667
05/24/2016,34.09110025,23.29110025,0,18.83317315,71.74107188
05/25/2016,32.29148407,23.49148407,0,19.15776099,78.85023935
05/26/2016,33.4679764,22.0679764,0,19.59254395,70.90027506
05/27/2016,31.80753322,22.40753322,1.6,20.99539245,83.89389434
05/28/2016,31.30538865,22.70538865,0,18.02592954,80.13615282
05/29/2016,33.31041733,23.61041733,0,19.27083599,75.96633755
05/30/2016,30.44222689,24.14222689,0,17.97811071,84.63197026
05/31/2016,32.83813556,22.93813556,8.4,17.94895014,75.30544734
06/01/2016,32.30142032,22.30142032,0,17.62699103,78.85185116
06/02/2016,31.84528061,23.74528061,0.2,17.55756638,81.35995644
06/03/2016,33.64269512,23.64269512,0,19.8850852,70.66714834
06/04/2016,34.25870723,21.75870723,0.1,21.02424283,71.22354962
06/05/2016,32.23807062,23.43807062,3.4,18.85628801,77.03697694
06/06/2016,33.39085552,22.89085552,0,18.7781898,74.84519993
06/07/2016,34.34946718,23.14946718,0,20.17693777,68.5559415
06/08/2016,32.24321663,24.14321663,0,19.20619966,78.857083
06/09/2016,32.49394527,22.49394527,4,16.47875136,77.80696102
06/10/2016,32.07419465,23.77419465,0.1,17.61247254,79.15294297
06/11/2016,32.97836993,23.27836993,0,18.92239179,77.23075089
06/12/2016,32.17929974,23.87929974,0,18.43092884,82.1152018
06/13/2016,30.40847089,22.80847089,8.4,15.6078192,86.61676165
06/14/2016,33.34196109,22.24196109,4,21.03007007,77.24322931
06/15/2016,34.44662747,22.04662747,0,21.18205113,66.72402852
06/16/2016,31.97684555,23.67684555,0,17.44031195,79.95528475
06/17/2016,32.69726598,22.19726598,4,19.07032258,80.23649242
06/18/2016,30.8525653,22.1525653,0,19.85886792,84.35973845
06/19/2016,32.67519724,23.07519724,0,19.40664753,76.67253216
06/20/2016,31.14408309,23.84408309,0,16.77151967,81.99322815
06/21/2016,32.34596161,24.24596161,4,19.43723673,78.20826228
06/22/2016,34.76349676,23.76349676,0,21.21763123,70.47569966
06/23/2016,32.70021365,23.90021365,0,18.32132259,75.24231768
06/24/2016,33.82307612,23.12307612,3.4,18.58803111,71.34057065
06/25/2016,32.10966361,23.80966361,0.1,18.17062415,82.0754157
06/26/2016,31.08993654,23.98993654,0,16.0320508,81.63252316
06/27/2016,34.39484011,23.09484011,0,17.2486045,62.57856135
06/28/2016,33.07095164,23.47095164,0,18.86819588,77.25954489
06/29/2016,31.70301496,22.00301496,0,20.17280619,83.76744792
06/30/2016,31.95711466,23.85711466,0,17.70801583,78.05993405
07/01/2016,34.58316147,22.48316147,0,21.62896792,67.86605635
07/02/2016,35.06324973,22.96324973,0,21.72636327,68.94102722
07/03/2016,34.6840244,23.8840244,0,20.25997577,72.19277057
07/04/2016,33.50657417,22.80657417,38.4,19.43748955,76.1224659
07/05/2016,34.14567134,24.04567134,0,19.46716959,73.15171672
07/06/2016,33.45661442,23.15661442,2.4,19.18291891,71.71400423
07/07/2016,33.35525552,23.55525552,0,17.0461432,74.559875
07/08/2016,33.69318879,22.69318879,0.2,19.92655788,76.28052881
07/09/2016,34.76894143,22.56894143,0,21.11922002,70.92449069
07/10/2016,33.63052947,23.73052947,0,19.55559182,70.96250259
07/11/2016,30.50886044,21.00886044,3.6,19.25655904,82.28324891
07/12/2016,32.6384145,22.2384145,0,18.50551468,79.766162
07/13/2016,30.53280222,21.03280222,0,19.27204662,82.33508256
07/14/2016,31.93149398,23.23149398,0,17.86029571,81.12942901
07/15/2016,29.23939652,21.93939652,3.6,16.58837658,87.58930287
07/16/2016,32.54475868,23.04475868,0,17.96280374,76.85453348
07/17/2016,32.25120274,22.75120274,0,17.52786265,77.25327161
07/18/2016,35.91386461,23.01386461,0,18.62852111,64.58226351
07/19/2016,34.29412792,23.29412792,0,19.61964393,72.83121875
07/20/2016,34.58022441,22.38022441,0,20.73555799,69.46834723
07/21/2016,33.96376155,21.76376155,0.9,19.27418072,68.33724981
07/22/2016,33.751928,23.851928,0,18.87339936,71.22983077
07/23/2016,32.3712131,20.1712131,0,17.29382555,70.44984846
07/24/2016,31.59853589,20.89853589,0,17.40583828,73.08776729
07/25/2016,35.5141126,23.0141126,0,19.68430933,65.26132921
07/26/2016,33.78767769,23.08767769,0,18.83303855,70.61702177
07/27/2016,33.2432068,22.2432068,39.4,20.49621773,77.98928495
07/28/2016,32.74000907,22.84000907,0,18.6211433,80.28293622
07/29/2016,34.14989811,22.64989811,0.2,19.85147654,72.15855922
07/30/2016,34.33285991,23.53285991,0,19.05822029,74.24534566
07/31/2016,33.76022395,23.66022395,0,19.07068995,69.27193926
08/01/2016,33.0224377,21.5224377,0.2,19.11386109,76.56514733
08/02/2016,33.56184712,23.66184712,0,19.51985229,72.267062
08/03/2016,36.61634167,23.11634167,0,19.63554017,63.59525953
08/04/2016,36.53453533,23.03453533,0,20.49190257,62.89456671
08/05/2016,36.03578601,23.83578601,0,19.89166453,62.68640987
08/06/2016,32.89455158,22.59455158,0.6,18.57491487,75.07652176
08/07/2016,32.65192783,23.05192783,0,19.25377258,76.731283
08/08/2016,35.74748548,21.84748548,0,20.08789243,66.1338471
08/09/2016,32.26162516,23.16162516,0,18.06660101,75.81274228
08/10/2016,32.39548582,23.29548582,0,19.58380806,80.19550655
08/11/2016,32.92411103,23.52411103,0,19.24849431,76.0112867
08/12/2016,32.20067113,23.60067113,0,19.11987277,81.05358151
08/13/2016,32.04541147,24.14541147,0,17.28135951,78.19960954
08/14/2016,33.86319908,24.06319908,0,16.74731488,71.29708129
08/15/2016,33.75812087,24.15812087,0,16.75748431,71.10374482
08/16/2016,35.70573441,22.60573441,0,20.27209412,69.32788359
08/17/2016,35.95879598,23.35879598,0,19.16781035,64.47211368
08/18/2016,36.49332195,21.59332195,0,22.31319626,62.98444306
08/19/2016,35.56084763,23.06084763,0,19.91717098,65.39208231
08/20/2016,35.67043501,23.47043501,0,18.53866255,64.39182411
08/21/2016,38.21766895,23.11766895,0,21.78358106,53.90289431
08/22/2016,33.16803621,23.36803621,0,18.94424781,74.73099049
08/23/2016,35.19774623,23.69774623,0.2,22.03870956,67.93881666
08/24/2016,36.681071,24.281071,0,20.59778015,58.28103248
08/25/2016,36.38976664,23.28976664,0,20.62723077,63.72014961
08/26/2016,32.71557603,23.61557603,0,18.5550155,77.48892525
08/27/2016,35.58856404,23.08856404,0,19.78642262,65.25233557
08/28/2016,32.86516277,23.76516277,0,18.85173598,72.7406979
08/29/2016,35.0601901,23.7601901,0,21.57574071,67.83763555
08/30/2016,35.44489398,22.84489398,0,21.6766036,68.51631576
08/31/2016,36.11087332,23.61087332,0.2,18.72557174,64.22303381
09/01/2016,34.6973756,24.1973756,0,20.98452489,72.71704819
09/02/2016,37.23284055,21.53284055,0,22.0419705,56.88520411
09/03/2016,35.87199148,23.57199148,0,18.59564954,62.01025269
09/04/2016,34.15950995,23.65950995,0,20.89854706,74.73836643
09/05/2016,31.81120596,25.11120596,0,14.74087328,77.08362183
09/06/2016,30.12589253,23.42589253,3.2,16.06063775,86.96237515
09/07/2016,31.46773554,24.76773554,0.6,14.44680381,72.86070682
09/08/2016,33.8102167,25.8102167,0,18.29955223,70.04526927
09/09/2016,32.33618032,25.63618032,0,15.19943278,75.69153266
09/10/2016,34.93987951,24.53987951,0,20.95932918,77.38089187
09/11/2016,34.84481731,23.54481731,0,21.03971433,75.00848591
09/12/2016,34.94627808,24.54627808,0,20.95932918,77.38089187
09/13/2016,34.80786069,24.40786069,0,19.55492707,66.884017
09/14/2016,37.03009177,23.03009177,0,19.84328924,61.71223715
09/15/2016,34.69738753,24.19738753,0,20.98452489,72.71704819
09/16/2016,35.72983524,23.72983524,0,18.88467095,60.1913717
09/17/2016,30.13631521,23.43631521,0,15.94143581,86.96237515
09/18/2016,32.46740541,21.06740541,0.2,16.80519288,72.08881228
09/19/2016,35.07015154,23.77015154,0,21.51284586,67.83763555
09/20/2016,34.21080276,24.61080276,0,18.16106526,73.89335554
09/21/2016,35.17305093,23.77305093,0,20.50975008,66.88826731
09/22/2016,35.48688044,23.18688044,0,20.01452286,65.58006403
09/23/2016,36.83692921,22.83692921,0,21.26480329,63.05988625
09/24/2016,36.29508607,24.09508607,0,20.28834693,65.47155832
09/25/2016,36.17921669,24.47921669,0,19.31509493,65.32061602
09/26/2016,35.45248074,23.45248074,0,19.841249,65.28911084
09/27/2016,34.41772959,23.91772959,0,20.62469651,73.87500795
09/28/2016,33.98811385,22.28811385,0,18.95098216,68.12681445
09/29/2016,33.72322601,24.22322601,0,18.28603253,74.09139166
09/30/2016,33.15034398,25.15034398,0,20.24883301,75.61290299
10/01/2016,34.397028,24.097028,0,19.10908221,68.24126053
10/02/2016,33.3750449,24.7750449,0,17.01951279,73.08483561
10/03/2016,33.76900975,24.56900975,3.4,18.20626833,74.02954994
10/04/2016,36.93593602,23.63593602,0,21.15319541,67.83227912
10/05/2016,34.47864469,22.97864469,0,20.03204948,65.88723295
10/06/2016,33.22943688,21.32943688,5.2,20.08342813,75.27375828
10/07/2016,32.39869229,24.19869229,0,19.02688922,77.72751972
10/08/2016,32.21173081,24.31173081,0.2,18.53043366,80.87918869
10/09/2016,32.11963225,24.11963225,0,18.74328343,80.00629529
10/10/2016,30.71470109,22.71470109,11.2,19.49935427,85.92089214
10/11/2016,32.23736939,23.53736939,0,18.73212234,78.93458646
10/12/2016,33.17891932,22.97891932,0,17.90590191,77.1925889
10/13/2016,27.90683453,22.00683453,0,12.27885486,88.3455304
10/14/2016,30.47854057,23.27854057,0,15.13698846,87.83850011
10/15/2016,30.025,22.975,0,15.46153722,86.02021456
10/16/2016,31.9123906,24.3623906,0,18.00177353,83.02479457
10/17/2016,31.30875167,24.25875167,0,15.92545247,80.82149728
10/18/2016,33.03376246,22.63376246,0,19.25610285,76.79061625
10/19/2016,33.37565666,24.17565666,0,17.30592732,75.92680406
10/20/2016,32.51822874,24.61822874,0,18.90357332,75.13176328
10/21/2016,32.12420249,24.42420249,0,16.9565872,78.48363739
10/22/2016,32.02497474,24.47497474,0,16.59416899,76.73323888
10/23/2016,31.58573435,23.38573435,6.4,17.18981988,79.95552801
10/24/2016,29.66614318,22.76614318,2.7,13.99192727,82.32140214
10/25/2016,31.84599095,23.14599095,0,18.10583036,81.77923522
10/26/2016,32.18304487,24.08304487,0.3,18.71119991,81.41568125
10/27/2016,34.48046073,23.13046073,0,19.79910818,66.05334774
10/28/2016,32.8872323,22.9872323,0,19.53709246,74.42815221
10/29/2016,36.57061798,23.87061798,0,20.71958031,65.06298756
10/30/2016,35.07354767,22.57354767,0.2,21.92436271,67.92245253
10/31/2016,32.06656869,23.96656869,0.4,18.40281224,78.97138925
11/01/2016,35.03081528,23.73081528,0.2,19.56717561,67.03267019
11/02/2016,32.05533562,24.45533562,1.4,17.17382617,76.25569369
11/03/2016,33.72606884,25.02606884,0,17.14086579,71.58855966
11/04/2016,34.23897386,24.48897386,3.5,18.80792323,74.68216321
11/05/2016,31.23219576,23.83219576,0,16.19337399,81.36052375
11/06/2016,33.13258246,23.53258246,0,18.96764255,77.07771318
11/07/2016,34.95570724,24.50570724,0,20.82615569,77.67660856
11/08/2016,32.92787091,23.17787091,0,18.86127635,76.7283981
11/09/2016,36.46372888,22.96372888,0.2,20.48849357,62.44623433
11/10/2016,34.86914978,25.46914978,0,18.03756853,68.8245701
11/11/2016,32.25121404,23.25121404,3.5,18.12733092,77.22982319
11/12/2016,33.36545163,23.61545163,2.6,17.17246372,74.10914024
11/13/2016,35.77758486,24.37758486,0,20.84935685,65.70874889
11/14/2016,32.97995613,22.87995613,0,18.35511187,77.07602328
11/15/2016,32.52843199,21.92843199,3.2,17.64725744,77.78496397
11/16/2016,34.32405575,23.72405575,3,20.24676327,75.60272743
11/17/2016,31.66592871,24.16592871,0,16.6647502,80.44712249
11/18/2016,31.05146306,23.55146306,0,16.04951854,80.54043763
11/19/2016,33.36204712,22.06204712,21,19.06499127,71.88495938
11/20/2016,32.40533613,23.40533613,3.5,18.37798656,78.49626285
11/21/2016,32.87944412,23.77944412,0,19.09104434,72.92013134
11/22/2016,33.4360858,22.9360858,2.8,19.18951159,73.82261568
11/23/2016,31.50219674,23.90219674,19.4,16.59113222,78.72455004
11/24/2016,31.57705891,23.27705891,1.4,17.60605873,81.95960944
11/25/2016,32.07677567,22.32677567,0,17.86183148,80.65341976
11/26/2016,32.77126615,23.17126615,0.6,18.88769857,77.25996895
11/27/2016,34.18515612,23.68515612,0,20.78977413,75.49403863
11/28/2016,34.59407302,25.19407302,7.2,18.52218065,73.3704187
11/29/2016,32.4811996,23.4811996,0.5,18.1082615,78.35270763
11/30/2016,29.75001984,23.75001984,10.3,14.81622309,86.44945399
12/01/2016,32.10811249,23.80811249,0,18.17062415,82.0754157
12/02/2016,30.83844017,24.13844017,21.6,17.0687133,83.41305774
12/03/2016,33.25802079,20.85802079,0,19.61927758,73.34913469
12/04/2016,30.92150257,23.22150257,0,19.17670203,82.6030153
12/05/2016,29.14661619,22.64661619,0,16.43356949,87.21473005
12/06/2016,31.75723577,22.40723577,0,20.48021136,83.71205744
12/07/2016,29.88403969,23.18403969,0,15.43766028,87.90965143
12/08/2016,28.45333284,24.65333284,0,13.44265076,85.56974259
12/09/2016,30.07203228,22.07203228,10.4,18.48410577,88.13528035
12/10/2016,32.5575158,21.8575158,0,17.91026943,77.83841051
12/11/2016,30.24151526,21.64151526,0.5,18.12407772,87.36718446
12/12/2016,31.65403987,20.95403987,0,17.57794154,72.95333365
12/13/2016,31.11181625,24.11181625,1,16.32776564,82.08123896
12/14/2016,33.59132882,25.29132882,0,17.75783546,73.02785504
12/15/2016,30.41250128,23.21250128,6,14.67003314,88.43481794
12/16/2016,36.50168686,22.30168686,0,21.03466468,62.17975405
12/17/2016,35.21872078,21.01872078,1.4,19.90272065,62.9642204
12/18/2016,36.89636099,22.09636099,1,22.66015656,57.97199831
12/19/2016,31.17495944,23.27495944,0,17.08283784,80.04318382
12/20/2016,33.98996382,22.68996382,0,18.23227945,71.14586568
12/21/2016,32.0373354,24.0373354,0,18.24368357,78.04663032
12/22/2016,31.07059271,23.87059271,6,16.34671848,81.80631785
12/23/2016,30.61085776,22.71085776,0,19.3938316,86.01726327
12/24/2016,31.93262453,23.28262453,0,18.52125263,79.93064448
12/25/2016,35.79035699,22.99035699,0,20.73254859,65.80680095
12/26/2016,32.28716933,23.98716933,0,19.41679621,78.20738234
12/27/2016,32.43257019,23.93257019,0,18.5823517,74.62780321
12/28/2016,30.97710955,22.17710955,0,20.10384879,83.45347344
12/29/2016,33.85678334,22.55678334,7.2,18.49279446,66.18636867
12/30/2016,31.24651192,24.04651192,0,16.42553589,80.42613666
12/31/2016,31.87899652,23.07899652,1.8,19.92087221,83.3980386
